no,title,content,clean_content,url
1,Puri Kayana Camping Ground ," kangen ngecamp nggak nih? Cuss berkemah dengan pemandangan alam dan perkebunan di Puri Kayana, Kabupaten Semarang. Kamu juga bisa petik stroberi lho di sana. Info selengkapnya >> @puri_kayana

  Follow yuk @pesona_kabsemarang
 ", kangen ngecamp nggak nih cuss berkemah dengan pemandangan alam dan perkebunan di puri kayana kabupaten semarang kamu juga bisa petik stroberi lho di sana info selengkapnya follow yuk ,https://visitjawatengah.jatengprov.go.id/id/regency/kabupaten-semarang/destinasi-wisata/puri-kayana-camping-ground
2,Mengunjungi Wisata Religi Nyatnyono ,"Desa Nyatnyono di lereng Gunung Ungaran dikenal sebagai desa wisata berbasis religi. Di sini terdapat Masjid Subulussalam peninggalan Syekh Hasan Munadi, tokoh penyiar agama Islam yang hidup pada masa awal berdirinya Kesultanan Demak Bintoro. Beliau berdakwah bersama putranya Syekh Hasan Dipuro hingga wafat. Kini, makamnya selalu ramai peziarah dari berbagai daerah.

  Buruan follow @pesona_kabsemarang untuk info terbaru wisata di Kab Semarang",desa nyatnyono di lereng gunung ungaran dikenal sebagai desa wisata berbasis religi di sini terdapat masjid subulussalam peninggalan syekh hasan munadi tokoh penyiar agama islam yang hidup pada masa awal berdirinya kesultanan demak bintoro beliau berdakwah bersama putranya syekh hasan dipuro hingga wafat kini makamnya selalu ramai peziarah dari berbagai daerah buruan follow untuk info terbaru wisata di kab semarang,https://visitjawatengah.jatengprov.go.id/id/regency/kabupaten-semarang/destinasi-wisata/mengunjungi-wisata-religi-nyatnyono
3,"Candi Dukuh, Petilasan Prabu Brawijaya ","Candi Dukuh terletak di Desa Rowoboni, Kecamatan Banyubiru, Kabupaten Semarang. Masyarakat sekitar menyebutnya Candi Brawijaya karena diyakini tempat tersebut pernah disinggahi Sang Raja Majapahit, Prabu Brawijaya. Pada saat ditemukan, hanya tersisa bagian kaki candi. Begitu pula bagian tubuh dan atap candi kondisinya tidak lengkap. Berdasarkan konstruksi, candi Dukuh serupa dengan Candi Gedong Songo yang dibangun pada abad 9.

  Jangan lupa follow @pesona_kabsemarang untuk info wisata menarik lainnya di Kab. Semarang yaaa

  





 
 ",candi dukuh terletak di desa rowoboni kecamatan banyubiru kabupaten semarang masyarakat sekitar menyebutnya candi brawijaya karena diyakini tempat tersebut pernah disinggahi sang raja majapahit prabu brawijaya pada saat ditemukan hanya tersisa bagian kaki candi begitu pula bagian tubuh dan atap candi kondisinya tidak lengkap berdasarkan konstruksi candi dukuh serupa dengan candi gedong songo yang dibangun pada abad jangan lupa follow untuk info wisata menarik lainnya di kab semarang yaaa ,https://visitjawatengah.jatengprov.go.id/id/regency/kabupaten-semarang/destinasi-wisata/candi-dukuh-petilasan-prabu-brawijaya
4,5 Hal Spesial Di Desa Wisata Lerep ,"Jalan-jalan ke Semarang? Mampirlah ke Desa Wisata Lerep di Ungaran Barat, Kabupaten Semarang. Apa saja yang spesial di sini? Kesatu, serunya edu-eco tour membuat permen susu atau membuat keripik. Kedua, relaksasi pikiran di air terjun Indrokilo. Ketiga, berfoto di Embung Sebligo. Keempat, jelajah watu gunung bersama keluarga. Kelima, icip-icip kuliner tempo dulu di pasar kuliner setiap minggu pon.
: @desawisatalerep

---
  Yuk, follow @pesona_kabsemarang untuk info wisata menarik lainnya di Kab Semarang










 ",jalan jalan ke semarang mampirlah ke desa wisata lerep di ungaran barat kabupaten semarang apa saja yang spesial di sini kesatu serunya edu eco tour membuat permen susu atau membuat keripik kedua relaksasi pikiran di air terjun indrokilo ketiga berfoto di embung sebligo keempat jelajah watu gunung bersama keluarga kelima icip icip kuliner tempo dulu di pasar kuliner setiap minggu pon yuk follow untuk info wisata menarik lainnya di kab semarang ,https://visitjawatengah.jatengprov.go.id/id/regency/kabupaten-semarang/destinasi-wisata/5-hal-spesial-di-desa-wisata-lerep
5,All In One In Sunrise Hill Gedong Songo ," lagi cari referensi resto? Penginapan? Spot selfie? Buat apa cari banyak tempat kalau bisa datang ke 1 tempat aja dan udah dapat semuanya. Emang ada? @sunrisehill.gedong.songo jawabannya!

  Follow @pesona_kabsemarang untuk info wisata menarik lainnya.





", lagi cari referensi resto penginapan spot selfie buat apa cari banyak tempat kalau bisa datang ke tempat aja dan udah dapat semuanya emang ada gedong songo jawabannya follow untuk info wisata menarik lainnya ,https://visitjawatengah.jatengprov.go.id/id/regency/kabupaten-semarang/destinasi-wisata/all-in-one-in-sunrise-hill-gedong-songo
6,Danuwo Waterpark ,"WORO-WORO : AYO, KE DANUWO Segar dan bikin kenyang? Ayoo, ke @DanuwoResto. Daya tarik wisata ini berada di kecamatan Kaliwungu, ujung selatan Kabupaten Semarang.  bisa cobain wahana air yang segarnya nyata, seperti kolam renang dewasa, anak dan keceh. Selesai berenang, bisa langsung pesan aneka masakan berselera. Makin seru kalau datang rame-rame bareng keluarga. 



",woro woro ayo ke danuwo segar dan bikin kenyang ayoo ke daya tarik wisata ini berada di kecamatan kaliwungu ujung selatan kabupaten semarang bisa cobain wahana air yang segarnya nyata seperti kolam renang dewasa anak dan keceh selesai berenang bisa langsung pesan aneka masakan berselera makin seru kalau datang rame rame bareng keluarga ,https://visitjawatengah.jatengprov.go.id/id/regency/kabupaten-semarang/destinasi-wisata/danuwo-waterpark
7,Watu Gajah Park ,"WARNAI LIBURANMU DI WATU GAJAH PARK Wuih, ada kingkong raksasa di @watugajahpark. Saking besarnya, kalian bisa naik ke atas untuk lihat panorama sekitar dari ketinggian. Oh iya, kalau mau basah-basahan bisa ke kolam keceh. Kalau suka kelinci bisa mampir ke taman kelinci. Yang suka main catur, cobain deh main catur raksasa.  di Semarang sekitarnya, ke sini kuuyyyy.   Mau tau info terbaru wisata Kabupaten Semarang? Yuk, follow @pesona_kabsemarang 


",warnai liburanmu di watu gajah park wuih ada kingkong raksasa di saking besarnya kalian bisa naik ke atas untuk lihat panorama sekitar dari ketinggian oh iya kalau mau basah basahan bisa ke kolam keceh kalau suka kelinci bisa mampir ke taman kelinci yang suka main catur cobain deh main catur raksasa di semarang sekitarnya ke sini kuuyyyy mau tau info terbaru wisata kabupaten semarang yuk follow ,https://visitjawatengah.jatengprov.go.id/id/regency/kabupaten-semarang/destinasi-wisata/watu-gajah-park
8,Khatulistiwa Garden ,"PETIK STROBERI ON THE SPOT Cobain deh, petik stroberi langsung dari kebun @khatulistiwa.garden bersama orang tersayang. Ga cuma foto ,  bisa sekaligus wisata edukasi sambil menikmati udara segar di Bandungan. Stroberi merah segar, panorama hijau indah. Asli, bakal bikin kamu betah. Agendakan ya! 
--- 
---
 ",petik stroberi on the spot cobain deh petik stroberi langsung dari kebun garden bersama orang tersayang ga cuma foto bisa sekaligus wisata edukasi sambil menikmati udara segar di bandungan stroberi merah segar panorama hijau indah asli bakal bikin kamu betah agendakan ya ,https://visitjawatengah.jatengprov.go.id/id/regency/kabupaten-semarang/destinasi-wisata/khatulistiwa-garden
9,Gua Maria Rosa Mystica ,"KEHENINGAN DI GUA MARIA ROSA MYSTICA Mari berziarah sembari menenangkan diri di Kecamatan Tuntang, Kabupaten Semarang. Cukup jauh dari keramaian, Gua Maria Rosa Mystica memberi kedamaian tersendiri saat berdoa. 



",keheningan di gua maria rosa mystica mari berziarah sembari menenangkan diri di kecamatan tuntang kabupaten semarang cukup jauh dari keramaian gua maria rosa mystica memberi kedamaian tersendiri saat berdoa ,https://visitjawatengah.jatengprov.go.id/id/regency/kabupaten-semarang/destinasi-wisata/gua-maria-rosa-mystica
10,Dusun Semilir ,"AKHIR PEKAN SERU DI DUSUN SEMILIR Cari wisata keluarga yang komplit ? Pusat oleh-oleh, villa, wahana bermain anak, wahana perosotan pelangi yang memacu adrenalin, kulineran, sampai spot instagrammable ala eropa, korea, dll. Dusun Semilir jawabnya. Lokasinya strategis, mudah dijangkau. Hanya beberapa ratus meter saja dari exit tol Bawen. Mau rombongan bareng keluarga besar juga bisa banget. 

",akhir pekan seru di dusun semilir cari wisata keluarga yang komplit pusat oleh oleh villa wahana bermain anak wahana perosotan pelangi yang memacu adrenalin kulineran sampai spot instagrammable ala eropa korea dll dusun semilir jawabnya lokasinya strategis mudah dijangkau hanya beberapa ratus meter saja dari exit tol bawen mau rombongan bareng keluarga besar juga bisa banget ,https://visitjawatengah.jatengprov.go.id/id/regency/kabupaten-semarang/destinasi-wisata/dusun-semilir
11,Skiban Di Kopeng Tree Top ,"SKIBAN DI KOPENG TREE TOP, SERU DAN MENANTANG Bagaimana ya rasanya seluncuran dengan menggunakan ban, lalu jatuh di bantalan bag jump? Seru? Iya! Menegangkan? Pasti! Permainan Skiban itu bisa Sobat jumpai di Kopeng Tree Top. Ada juga wahana menantang lainnya, seperti Zipcoaster, ATV, dan Caving. Setelah seru-seruan, bisa lanjut bersantai di Sky Resto atau Glamping bersama keluarga tercinta. Jalan Raya Kopeng, Batur, Getasan, Selo Ngisor, Batur, Kec. Getasan, Semarang, Jawa Tengah 50774",skiban di kopeng tree top seru dan menantang bagaimana ya rasanya seluncuran dengan menggunakan ban lalu jatuh di bantalan bag jump seru iya menegangkan pasti permainan skiban itu bisa sobat jumpai di kopeng tree top ada juga wahana menantang lainnya seperti zipcoaster atv dan caving setelah seru seruan bisa lanjut bersantai di sky resto atau glamping bersama keluarga tercinta jalan raya kopeng batur getasan selo ngisor batur kec getasan semarang jawa tengah ,https://visitjawatengah.jatengprov.go.id/id/regency/kabupaten-semarang/destinasi-wisata/skiban-di-kopeng-tree-top
12,Gedongsongo Sunrise Hill ,"GEDONGSONGO SUNRISE HILL, BANYAK SPOT INSTAGRAMMABLE DI SINI Kamu suka swafoto? Gedongsongo Sunrise Hill punya banyak spot keren yang instagrammable. Ada kampung halloween, kampung Jepang, kampung Salju, rumah terbalik, hingga labirin. Lokasinya cuma 800 meter dari Candi Gedongsongo, Kab. Semarang. Oh ya, Sobat juga bisa menjajal glamping di sini. Asyik kan.",gedongsongo sunrise hill banyak spot instagrammable di sini kamu suka swafoto gedongsongo sunrise hill punya banyak spot keren yang instagrammable ada kampung halloween kampung jepang kampung salju rumah terbalik hingga labirin lokasinya cuma meter dari candi gedongsongo kab semarang oh ya sobat juga bisa menjajal glamping di sini asyik kan ,https://visitjawatengah.jatengprov.go.id/id/regency/kabupaten-semarang/destinasi-wisata/gedongsongo-sunrise-hill
1,Gua Maria Kerep Ambarawa ,"PESONA GUA MARIA KEREP AMBARAWA Gua Maria Kerep Ambarawa (GMKA), Kecamatan Ambarawa, Kabupaten Semarang menjadi magnet umat Katolik di Indonesia bahkan luar negeri. Kenapa? Terlepas dari suasanya yang tenang dan sejuk, GMKA punya pesona Patung Bunda Maria Assumpta setinggi 42 meter yang indah.",pesona gua maria kerep ambarawa gua maria kerep ambarawa gmka kecamatan ambarawa kabupaten semarang menjadi magnet umat katolik di indonesia bahkan luar negeri kenapa terlepas dari suasanya yang tenang dan sejuk gmka punya pesona patung bunda maria assumpta setinggi meter yang indah ,https://visitjawatengah.jatengprov.go.id/id/regency/kabupaten-semarang/destinasi-wisata/gua-maria-kerep-ambarawa
2,"Saloka, Theme Park Terbesar Di Jawa Tengah ","CURUG KALIURIP, IKON WISATA BARU DI PURWOREJO Cari yang segar? Taman Wisata Curug Kaliurip di Desa Kaliurip, Kecamatan Kemiri, Purworejo, bisa jadi pilihan. Curug Kaliurip menawarkan wisata air terjun dengan ketinggian 45 m dan kedalaman air sekitar 8 meter. Hanya dengan lima ribu rupiah per orang, Sobat bisa merasakan segarnya air terjun. Lapar sehabis bermain air? Tersedia juga kuliner khas Purworejo dengan harga terjangkau. Untuk saat ini, akses hanya bisa dilalui dengan kendaraan bermotor roda dua. Nanti ajak teman kamu untuk touring ke sini ya.",curug kaliurip ikon wisata baru di purworejo cari yang segar taman wisata curug kaliurip di desa kaliurip kecamatan kemiri purworejo bisa jadi pilihan curug kaliurip menawarkan wisata air terjun dengan ketinggian dan kedalaman air sekitar meter hanya dengan lima ribu rupiah per orang sobat bisa merasakan segarnya air terjun lapar sehabis bermain air tersedia juga kuliner khas purworejo dengan harga terjangkau untuk saat ini akses hanya bisa dilalui dengan kendaraan bermotor roda dua nanti ajak teman kamu untuk touring ke sini ya ,https://visitjawatengah.jatengprov.go.id/id/regency/kabupaten-semarang/destinasi-wisata/saloka-theme-park-terbesar-di-jawa-tengah
3,Jembatan Kaca Gumuk Reco ,"Masih ingat sensasi menegangkan Ayunan Langit dan Ondo Langit di Gumuk Reco Sepakung? Sekarang, ada wahana baru yang tak kalah menegangkan, yaitu jembatan kaca yang berada di ketinggian. Jembatan seluas 12 m  ini menggunakan kaca tiga lapis dengan total setebal 17,3 milimeter. Maksimal 3 orang pengunjung yang diperbolehkan untuk menaiki jembatan kaca. Pengunjung juga akan menggunakan alas kaki khusus dan tidak diperbolehkan bersandar di besi pengaman serta berfoto sambil melompat. Penasaran? Ayo, ke Gumuk Reco di Desa Sepakung, Kecamatan Banyubiru, Kabupaten Semarang.",masih ingat sensasi menegangkan ayunan langit dan ondo langit di gumuk reco sepakung sekarang ada wahana baru yang tak kalah menegangkan yaitu jembatan kaca yang berada di ketinggian jembatan seluas ini menggunakan kaca tiga lapis dengan total setebal milimeter maksimal orang pengunjung yang diperbolehkan untuk menaiki jembatan kaca pengunjung juga akan menggunakan alas kaki khusus dan tidak diperbolehkan bersandar di besi pengaman serta berfoto sambil melompat penasaran ayo ke gumuk reco di desa sepakung kecamatan banyubiru kabupaten semarang ,https://visitjawatengah.jatengprov.go.id/id/regency/kabupaten-semarang/destinasi-wisata/jembatan-kaca-gumuk-reco
4,Taman Bunga Celosia ,"Liburan ke Eropa? Tak perlu jauh-jauh, datang saja ke Taman Bunga Celosia berada di kawasan wisata Candi Gedong Songo, tepatnya di Desa Banyukuning, Bandungan, Kabupaten Semarang. Taman ini didesain lengkap dengan kincir angin dan beragam jenis bunga asli Eropa yang didatangkan langsung dari tanah asalnya. Selain bunga, Taman Bunga Celosia juga menyuguhkan sejumlah miniatur ikon dunia. Di antaranya adalah Patung Singa Merlion serta Menara Effiel. Keindahan Taman Bunga Celosia tidak diragukan lagi telah menjadi pilihan ribuan pengunjung untuk menghabiskan liburannya.",liburan ke eropa tak perlu jauh jauh datang saja ke taman bunga celosia berada di kawasan wisata candi gedong songo tepatnya di desa banyukuning bandungan kabupaten semarang taman ini didesain lengkap dengan kincir angin dan beragam jenis bunga asli eropa yang didatangkan langsung dari tanah asalnya selain bunga taman bunga celosia juga menyuguhkan sejumlah miniatur ikon dunia di antaranya adalah patung singa merlion serta menara effiel keindahan taman bunga celosia tidak diragukan lagi telah menjadi pilihan ribuan pengunjung untuk menghabiskan liburannya ,https://visitjawatengah.jatengprov.go.id/id/regency/kabupaten-semarang/destinasi-wisata/taman-bunga-celosia
5,Desa Wisata Lerep ,"Desa Wisata Lerep memiliki atraksi wisata Edu-Ecotour antara lain bercocok tanam, beternak, pemanfaatan bahan limbah, pengolahan susu sapi, kopi dan gula aren, kerajinan bambu. Terdapat wisata alam yaitu air terjun curug Indrokilo, Sunrise Puncak Ngipik , bentang sawah yang indah serta sungai Pangus yang jernih penuh bebatuan alami. Anda juga dapat menyaksikan beragam atraksi wisata budaya, seperti  tradisi sadranan, iriban, kadeso dan gepuk bumbung. Beberapa kesenian yang juga dapat dijumpai di desa ini ialah tari caping gangsing, tari gambyong, tari soyong, tari denok Semarang, kesenian jaran kepang, reog, angklung, drumblek dan rebana. Anda yang ingin mencicipi aneka makanan dan minuman tradisional desa, silakan datang ke Pasar Jajanan Ndeso Tempo Dulu yang hadir setiap minggu pagi. Untuk informasi dan reservasi : Pokdarwis Rukun Santoso, Dusun Lerep RT 01/02, Desa Lerep Telp. 0857 9967 2307 Website : http://desawisatalerep.com Instagram : http://www.instagram.com/desawisatalerep",desa wisata lerep memiliki atraksi wisata edu ecotour antara lain bercocok tanam beternak pemanfaatan bahan limbah pengolahan susu sapi kopi dan gula aren kerajinan bambu terdapat wisata alam yaitu air terjun curug indrokilo sunrise puncak ngipik bentang sawah yang indah serta sungai pangus yang jernih penuh bebatuan alami anda juga dapat menyaksikan beragam atraksi wisata budaya seperti tradisi sadranan iriban kadeso dan gepuk bumbung beberapa kesenian yang juga dapat dijumpai di desa ini ialah tari caping gangsing tari gambyong tari soyong tari denok semarang kesenian jaran kepang reog angklung drumblek dan rebana anda yang ingin mencicipi aneka makanan dan minuman tradisional desa silakan datang ke pasar jajanan ndeso tempo dulu yang hadir setiap minggu pagi untuk informasi dan reservasi pokdarwis rukun santoso dusun lerep rt desa lerep telp website ,https://visitjawatengah.jatengprov.go.id/id/regency/kabupaten-semarang/destinasi-wisata/desa-wisata-lerep
6,Tirto Argo Siwarak ,"Tirto Argo Siwarak di Dusun Blanten RT 4 RW 8, Desa Lerep, Kecamatan Ungaran Barat, Kab. Semarang merupakan wahana permainan air untuk anak berupa kolam renang yang bersumber dari mata air Gunung Ungaran, sehingga airnya jernih dan tidak berbau. Tirto Argo Siwarak memiliki empat zona kolam dengan kedalaman 30 cm, 60 cm, 1 m, hingga 3 meter. Kolam utama untuk remaja dan dewasa dilengkapi dengan perosotan meliuk yang cukup memacu adrenalin. Harga tiket masuk Tirto Argo Siwarak cukup terjangkau yaitu Rp.15.000/orang. Destinasi wisata ini buka dari pukul 06.30 WIB hingga 17.30. Kolam renang Tirto Argo Siwarak tidak buka setiap hari, akan tetapi hanya buka di hari Senin, Kamis, Jumat, Sabtu, dan Minggu saja, dikarenakan dilakukan pembersihan kolam setiap hari Selasa dan Rabu. Sehingga tak heran kolam renang ini selalu terjaga kebersihannya.",tirto argo siwarak di dusun blanten rt rw desa lerep kecamatan ungaran barat kab semarang merupakan wahana permainan air untuk anak berupa kolam renang yang bersumber dari mata air gunung ungaran sehingga airnya jernih dan tidak berbau tirto argo siwarak memiliki empat zona kolam dengan kedalaman cm cm hingga meter kolam utama untuk remaja dan dewasa dilengkapi dengan perosotan meliuk yang cukup memacu adrenalin harga tiket masuk tirto argo siwarak cukup terjangkau yaitu rp orang destinasi wisata ini buka dari pukul wib hingga kolam renang tirto argo siwarak tidak buka setiap hari akan tetapi hanya buka di hari senin kamis jumat sabtu dan minggu saja dikarenakan dilakukan pembersihan kolam setiap hari selasa dan rabu sehingga tak heran kolam renang ini selalu terjaga kebersihannya ,https://visitjawatengah.jatengprov.go.id/id/regency/kabupaten-semarang/destinasi-wisata/tirto-argo-siwarak
7,Kampoeng Kopi Banaran ,"Kampoeng Kopi Banaran adalah One Stop Tourism and Education Service, yang berpusat di Jl. Raya Semarang-Bawen KM 1,5 , Bawen, Semarang. Kampoeng Kopi Banaran memiliki beberapa fasilitas, antara lain Convention Hall, Indoor dan Outdoor Event Space, Meeting Package, Agro Tourism, Restaurant, Resort Hotel, Coffee  Spa, Outbond, Kolam Renang, Tennis Court, dan Taman Bermain Anak. Pengunjung juga dapat mengikuti wisata edukasi karet, kakao, dan wisata  penanaman, pengolahan, pengemasan, hingga menjadi secangkir Kopi Banaran yang istimewa. Kunjungi website Kampoeng Kopi Banaran : http://www.kampoengkopibanaran.co.id",kampoeng kopi banaran adalah one stop tourism and education service yang berpusat di jl raya semarang bawen km bawen semarang kampoeng kopi banaran memiliki beberapa fasilitas antara lain convention hall indoor dan outdoor event space meeting package agro tourism restaurant resort hotel coffee spa outbond kolam renang tennis court dan taman bermain anak pengunjung juga dapat mengikuti wisata edukasi karet kakao dan wisata penanaman pengolahan pengemasan hingga menjadi secangkir kopi banaran yang istimewa kunjungi website kampoeng kopi banaran ,https://visitjawatengah.jatengprov.go.id/id/regency/kabupaten-semarang/destinasi-wisata/kampoeng-kopi-banaran
8,Curug Lawe ,"Air terjun ini dinamakan Curug Lawe, karena air jatuh dari tebing yang curam bagaikan benang-benang putih yang yang dalam bahasa jawa disebut 'Lawe' (tali seratnya putih). Curug lawe berlokasi di Desa Muncar, Kecamatan Gemawang.",air terjun ini dinamakan curug lawe karena air jatuh dari tebing yang curam bagaikan benang benang putih yang yang dalam bahasa jawa disebut lawe tali seratnya putih curug lawe berlokasi di desa muncar kecamatan gemawang ,https://visitjawatengah.jatengprov.go.id/id/regency/kabupaten-semarang/destinasi-wisata/curug-lawe
9,Museum Kereta Api Ambarawa ,"Museum Kereta Api Ambarawa terletak di pusat kota Ambarawa, dekat jalan utama Semarang-Jogja, sekitar 20 kilometer dari kota Ungaran. Museum KA Ambarawa merupakan satu-satunya museum yang memamerkan teknologi kereta kuno dan warisan kolonial Belanda. Museum ini menawarkan paket rekreasi yang dapat membawa pengunjung di sekitar desa dengan kereta api kuno sambil menikmati gugusan pegunungan dan rawa pening. Bangunan ini pertamakali  dibangun atas instruksi Raja Willem I untuk memudahkan sistem transportasi militer. Pada tahun 1976, Sopeardjo Rustam, Gubernur Jawa Tengah, mengubah fungsi stasiun sebagai museum.",museum kereta api ambarawa terletak di pusat kota ambarawa dekat jalan utama semarang jogja sekitar kilometer dari kota ungaran museum ka ambarawa merupakan satu satunya museum yang memamerkan teknologi kereta kuno dan warisan kolonial belanda museum ini menawarkan paket rekreasi yang dapat membawa pengunjung di sekitar desa dengan kereta api kuno sambil menikmati gugusan pegunungan dan rawa pening bangunan ini pertamakali dibangun atas instruksi raja willem untuk memudahkan sistem transportasi militer pada tahun sopeardjo rustam gubernur jawa tengah mengubah fungsi stasiun sebagai museum ,https://visitjawatengah.jatengprov.go.id/id/regency/kabupaten-semarang/destinasi-wisata/museum-kereta-api-ambarawa
10,Curug Tujuh Bidadari ,"Wisata air terjun di Desa Keseneng, Sumowono, Ungaran ini memiliki 7 tingkatan dengan ketinggian berbeda-beda. Untuk menuju lokasi ini, Anda harus melewati jalan yang berliku dengan kondisi cukup baik. Namun demikian, Anda akan disuguhi pemandangan persawahan dan hutan yang hijau yang indah. Pada bagian atas curug terdapat sumber mata air atau sumur yang sangat segar. Di sekitar curug juga terdapat panggung dan jembatan bambu untuk menikmati cantiknya curug 7 bidadari dari ketinggian.   Foto : https://www.indonesiakaya.com/jelajah-indonesia/detail/melihat-air-terjun-bertingkat-di-curug-7-bidadari",wisata air terjun di desa keseneng sumowono ungaran ini memiliki tingkatan dengan ketinggian berbeda beda untuk menuju lokasi ini anda harus melewati jalan yang berliku dengan kondisi cukup baik namun demikian anda akan disuguhi pemandangan persawahan dan hutan yang hijau yang indah pada bagian atas curug terdapat sumber mata air atau sumur yang sangat segar di sekitar curug juga terdapat panggung dan jembatan bambu untuk menikmati cantiknya curug bidadari dari ketinggian foto ,https://visitjawatengah.jatengprov.go.id/id/regency/kabupaten-semarang/destinasi-wisata/curug-tujuh-bidadari
11,Gua Maria Kerep ,"Gua Maria merupakan tempat doa dan ziarah umat Katolik yang terletak di Kerep, Kelurahan Panjang Kecamatan Ambarawa. Gua Maria dibangun sejak tahun 1954. Di area ini terdapat patung Bunda Maria dengan tinggi 42 meter (tinggi patung 23 m + penopang 19 m). Di Gua Maria Kerep ini, pengunjung  juga dapat melakukan jalan salib, disediakan banyak tempat duduk bagi peziarah yang ingin berdoa pada bagian Yesus wafat di kayu salib.   Foto : https://www.jejakpiknik.com/gua-maria-kerep/",gua maria merupakan tempat doa dan ziarah umat katolik yang terletak di kerep kelurahan panjang kecamatan ambarawa gua maria dibangun sejak tahun di area ini terdapat patung bunda maria dengan tinggi meter tinggi patung penopang di gua maria kerep ini pengunjung juga dapat melakukan jalan salib disediakan banyak tempat duduk bagi peziarah yang ingin berdoa pada bagian yesus wafat di kayu salib foto ,https://visitjawatengah.jatengprov.go.id/id/regency/kabupaten-semarang/destinasi-wisata/gua-maria-kerep
12,The Fountain Waterpark ,"The Fountain menawarkan wahana permainan air dan outbound arena dengan pemandangan dan kesejukan Gunung Ungaran. The Fountain juga dilengkapi dengan resto yang akan memanjakan lidah para pengunjung. Disediakan pula beberapa wahana permainan yang menyenangkan seperti perosotan, dan ember tumpah yang menjadi favorit anak-anak. Terdapat empat kolam dengan kedalaman berbeda, mulai dari 30 cm,50 cm, 1 meter, hingga 1,5 meter untuk orang dewasa.   Foto : https://www.instagram.com/fountainungaran/?hl=id",the fountain menawarkan wahana permainan air dan outbound arena dengan pemandangan dan kesejukan gunung ungaran the fountain juga dilengkapi dengan resto yang akan memanjakan lidah para pengunjung disediakan pula beberapa wahana permainan yang menyenangkan seperti perosotan dan ember tumpah yang menjadi favorit anak anak terdapat empat kolam dengan kedalaman berbeda mulai dari cm cm meter hingga meter untuk orang dewasa foto ,https://visitjawatengah.jatengprov.go.id/id/regency/kabupaten-semarang/destinasi-wisata/the-fountain-waterpark
1,Kopeng Waterpark ,"Kopeng Waterpark terletak diantara kota Salatiga dan Magelang, di bawah kaki Gunung Merbabu. Kopeng Waterpark memiliki berbagai fasilitas seperti wahana permainan air dan anak dengan luas lebih dari 4 Ha, resort keluarga, restoran keluarga, fun billiard, gedung pertemuan, outbound center, ATV, paintball, karaoke, gathering area, dan kuda wisata. Kopeng Waterpark juga memiliki pasar buah dan sayuran segar, pusat souvenir dan kaos yang sangat cocok sebagai oleh-oleh.    Untuk info lebih lanjut silahkan kunjungi websitenya http://www.tamanwisatakopeng.com/contact-us/",kopeng waterpark terletak diantara kota salatiga dan magelang di bawah kaki gunung merbabu kopeng waterpark memiliki berbagai fasilitas seperti wahana permainan air dan anak dengan luas lebih dari ha resort keluarga restoran keluarga fun billiard gedung pertemuan outbound center atv paintball karaoke gathering area dan kuda wisata kopeng waterpark juga memiliki pasar buah dan sayuran segar pusat souvenir dan kaos yang sangat cocok sebagai oleh oleh untuk info lebih lanjut silahkan kunjungi websitenya ,https://visitjawatengah.jatengprov.go.id/id/regency/kabupaten-semarang/destinasi-wisata/kopeng-waterpark
2,Bukit Cinta Rawa Pening ,"Berjarak 1 jam dari pusat Kota Semarang, Bukit Cinta di Desa Kebondowo, Kecamatan Banyubiru, menawarkan panorama yang luar biasa. Pemandangan rawa pening dan gugusan pegunungan yang eksotis membuat orang betah berlama-lama disini. Bukit Cinta Rawa Pening cukup populer di kalangan pecinta fotografi. Mereka biasa menghabiskan waktu saat matahari terbit di pagi hari atau matahari terbenam di sore hari untuk mendapatkan foto yang diinginkan.   Foto : https://www.instagram.com/bukitcinta.rp/?hl=id 
 ",berjarak jam dari pusat kota semarang bukit cinta di desa kebondowo kecamatan banyubiru menawarkan panorama yang luar biasa pemandangan rawa pening dan gugusan pegunungan yang eksotis membuat orang betah berlama lama disini bukit cinta rawa pening cukup populer di kalangan pecinta fotografi mereka biasa menghabiskan waktu saat matahari terbit di pagi hari atau matahari terbenam di sore hari untuk mendapatkan foto yang diinginkan foto ,https://visitjawatengah.jatengprov.go.id/id/regency/kabupaten-semarang/destinasi-wisata/bukit-cinta-rawa-pening
3,Palagan Ambarawa ,"Palagan Ambarawa merupakan sebuah monumen sejarah bangsa Indonesia yang terletak di pinggir jalan raya Ambarawa   Magelang, tepatnya di tengah kota Ambarawa lebih kurang 30 Km dari Kota Semarang. Dilengkapi dengan museum bernama Museum Isdiman yang menyimpan berbagai koleksi senjata, kendaraan tempur, pakaian dan barang lain yang dipergunakan dalam Pertempuran Ambarawa. Dengan bentuk bangunan joglo sesuai arsitektur budaya Jawa Tengah, Museum Isdiman menjadi objek wisata yang menyediakan wisata edukasi. Wisatawan dapat memahami sejarah sambil mengenang jasa para pahlawan yang telah berjuang mempertahankan Negara tercinta ini.  ",palagan ambarawa merupakan sebuah monumen sejarah bangsa indonesia yang terletak di pinggir jalan raya ambarawa magelang tepatnya di tengah kota ambarawa lebih kurang km dari kota semarang dilengkapi dengan museum bernama museum isdiman yang menyimpan berbagai koleksi senjata kendaraan tempur pakaian dan barang lain yang dipergunakan dalam pertempuran ambarawa dengan bentuk bangunan joglo sesuai arsitektur budaya jawa tengah museum isdiman menjadi objek wisata yang menyediakan wisata edukasi wisatawan dapat memahami sejarah sambil mengenang jasa para pahlawan yang telah berjuang mempertahankan negara tercinta ini ,https://visitjawatengah.jatengprov.go.id/id/regency/kabupaten-semarang/destinasi-wisata/palagan-ambarawa
4,Tlogo Resort & Goa Rong View ,"Tlogo Resort Tuntang dengan nuansa unik dan elegan terletak diantara sejuknya perkebunan dan pegunungan tropis. Resort ini adalah sebuah tempat akomodasi yang cocok untuk melepaskan kepenatan dari kesibukan sehari-hari. Berbagai fasilitas juga tersedia seperti restoran yang menyajikan hidangan lokal istimewa, kolam renang yang luas, inhouse training, outbound, flying fox, paintball, sepeda, dan fasilitas lain yang menyenangkan bagi anak-anak. Goa Rong View sendiri berada di bukit yang bisa ditempuh dari jalan buatan di sebelah utara bangunan gazibu utama. Jalan yang ditempuh menurun tajam dan berkelok. Jika ingin melewati jalur yang lebih aman, bisa lewat jalan utama melalui jalan aspal menuju pos penjagaan. Sejauh mata memandang tampak hamparan Rawa Pening dan gugusan pegunungan Merapi, Merbabu, Sindoro, Sumbing, Ungaran dan Telomoyo, sehingga sangat cocok bagi para penggemar fotografi untuk mengabadikan moment matahari terbit dan tenggelam. Di sini juga dilengkapi fasilitas resto yang menyediakan aneka Masakan Tradisional Khas Tlogo.   Kunjungi website resmi di https://tlogoresort.co.id/visitjateng/  ",tlogo resort tuntang dengan nuansa unik dan elegan terletak diantara sejuknya perkebunan dan pegunungan tropis resort ini adalah sebuah tempat akomodasi yang cocok untuk melepaskan kepenatan dari kesibukan sehari hari berbagai fasilitas juga tersedia seperti restoran yang menyajikan hidangan lokal istimewa kolam renang yang luas inhouse training outbound flying fox paintball sepeda dan fasilitas lain yang menyenangkan bagi anak anak goa rong view sendiri berada di bukit yang bisa ditempuh dari jalan buatan di sebelah utara bangunan gazibu utama jalan yang ditempuh menurun tajam dan berkelok jika ingin melewati jalur yang lebih aman bisa lewat jalan utama melalui jalan aspal menuju pos penjagaan sejauh mata memandang tampak hamparan rawa pening dan gugusan pegunungan merapi merbabu sindoro sumbing ungaran dan telomoyo sehingga sangat cocok bagi para penggemar fotografi untuk mengabadikan moment matahari terbit dan tenggelam di sini juga dilengkapi fasilitas resto yang menyediakan aneka masakan tradisional khas tlogo kunjungi website resmi di ,https://visitjawatengah.jatengprov.go.id/id/regency/kabupaten-semarang/destinasi-wisata/tlogo-resort-goa-rong-view
5,Bandungan Indah Waterpark ,"Dahulu dikenal sebagai Hotel PJKA, Bandungan Indah Waterpark berlokasi di jantung Bandungan dengan luas lebih dari 3 Ha dan memiliki berbagai fasilitas seperti family resort, convention hall, waterpark, gardening, playground, kidcastle, pemancingan, out bond, sanctuary butterfly, caf , dan live music. Tempat ini cocok bagi pengunjung yang ingin melepas penat dengan berolahraga renang atau melakukan aktivitas outdoor yang menyenangkan lainnya. Ada banyak permainan seru yang bisa dicoba seperti ATV, sepeda layang, flying fox, dan masih banyak lagi. Tiket masuk yang dibanderol cukup terjangkau yaitu Tiket Reguler Rp. 15.000, Tiket Waterpark Rp. 20.000, dan Tiket Wahana Rp. 10.000 - Rp. 35.000.",dahulu dikenal sebagai hotel pjka bandungan indah waterpark berlokasi di jantung bandungan dengan luas lebih dari ha dan memiliki berbagai fasilitas seperti family resort convention hall waterpark gardening playground kidcastle pemancingan out bond sanctuary butterfly caf dan live music tempat ini cocok bagi pengunjung yang ingin melepas penat dengan berolahraga renang atau melakukan aktivitas outdoor yang menyenangkan lainnya ada banyak permainan seru yang bisa dicoba seperti atv sepeda layang flying fox dan masih banyak lagi tiket masuk yang dibanderol cukup terjangkau yaitu tiket reguler rp tiket waterpark rp dan tiket wahana rp rp ,https://visitjawatengah.jatengprov.go.id/id/regency/kabupaten-semarang/destinasi-wisata/bandungan-indah-waterpark
6,Candi Gedongsongo ,"Candi Gedongsongo merupakan kompleks candi yang terletak di lereng Gunung Ungaran. Komplek candi ini ditemukan oleh Raffles pada 1804 dan merupakan peninggalan dari Dinasti Sanjaya abad 9. Nama Gedongsongo berasal dari bahasa Jawa, yakni Gedong yang artinya bangunan dan Songo yang berarti sembilan. Namun demikian, jumlah candi ini kurang dari sembilan. Lokasi antar Candi cukup berjauhan, sehingga Anda yang ingin mengunjungi semua Candi harus memiliki stamina yang cukup kuat. Anda juga bisa memanfaatkan jasa kuda wisata. Di area tertentu dapat digunakan untuk berkemah. ",candi gedongsongo merupakan kompleks candi yang terletak di lereng gunung ungaran komplek candi ini ditemukan oleh raffles pada dan merupakan peninggalan dari dinasti sanjaya abad nama gedongsongo berasal dari bahasa jawa yakni gedong yang artinya bangunan dan songo yang berarti sembilan namun demikian jumlah candi ini kurang dari sembilan lokasi antar candi cukup berjauhan sehingga anda yang ingin mengunjungi semua candi harus memiliki stamina yang cukup kuat anda juga bisa memanfaatkan jasa kuda wisata di area tertentu dapat digunakan untuk berkemah ,https://visitjawatengah.jatengprov.go.id/id/regency/kabupaten-semarang/destinasi-wisata/candi-gedongsongo
7,Pemandian Muncul ,"Pemandian Muncul adalah pemandian alam dari sumber air alami yang terletak di jalan alternatif Ambarawa sampai Salatiga, di Desa Rowoboni, Kecamatan Banyu Biru. Berjarak kurang lebih 4 Km dari Kota Semarang. Kawasan Pemandian Alam Muncul ini disamping dimanfaatkan sebagai objek wisata air juga menyediakan area pembibitan dan pemancingan ikan dengan panorama hamparan sawah dan sungai yang indah. Di Pemandian Alam Muncul secara rutin diadakan acara budaya berupa ritual Padusan yang dilaksanakan satu tahun sekali menjelang bulan puasa. Acara ritual Padusan tersebut sangat menarik para wisatawan yang berkunjung ke tempat wisata tersebut.",pemandian muncul adalah pemandian alam dari sumber air alami yang terletak di jalan alternatif ambarawa sampai salatiga di desa rowoboni kecamatan banyu biru berjarak kurang lebih km dari kota semarang kawasan pemandian alam muncul ini disamping dimanfaatkan sebagai objek wisata air juga menyediakan area pembibitan dan pemancingan ikan dengan panorama hamparan sawah dan sungai yang indah di pemandian alam muncul secara rutin diadakan acara budaya berupa ritual padusan yang dilaksanakan satu tahun sekali menjelang bulan puasa acara ritual padusan tersebut sangat menarik para wisatawan yang berkunjung ke tempat wisata tersebut ,https://visitjawatengah.jatengprov.go.id/id/regency/kabupaten-semarang/destinasi-wisata/pemandian-muncul
8,Curug Semirang ,"Air Terjun Semirang terletak di Desa Gogik, lereng Gunung Ungaran dengan pemandangan yang menarik kearah Kota Ungaran. Topografi sekitar kawasan wisata cocok untuk area tracking, sepeda gunung, dan olah raga gunung lainnya. Selama perjalanan, pengunjung diajak menikmati suasana perkebunan pala dan kopi di kanan kirinya. Wisata ini cocok bagi anda yang suka tracking dengan pemandangan alam sekitar yang indah.",air terjun semirang terletak di desa gogik lereng gunung ungaran dengan pemandangan yang menarik kearah kota ungaran topografi sekitar kawasan wisata cocok untuk area tracking sepeda gunung dan olah raga gunung lainnya selama perjalanan pengunjung diajak menikmati suasana perkebunan pala dan kopi di kanan kirinya wisata ini cocok bagi anda yang suka tracking dengan pemandangan alam sekitar yang indah ,https://visitjawatengah.jatengprov.go.id/id/regency/kabupaten-semarang/destinasi-wisata/curug-semirang
9,Hortimart Agro Center ,"Hortimart merupakan agro wisata yang terletak di Jl. Gatot Subroto No. 55 Bawen. Hortimart menyediakan buah segar dengan aneka sayuran organik yang dapat dipetik sendiri. Selain itu juga terdapat bibit buah, benih sayuran, pupuk dan tanaman obat. Hortimart terdapat restoran bernuansa perkebunan dengan udara sejuk yang menyediakan makanan sehat dari sayur organik dan buah segar.    Sumber Foto : https://kabsemarangtourism.com/?p=345",hortimart merupakan agro wisata yang terletak di jl gatot subroto no bawen hortimart menyediakan buah segar dengan aneka sayuran organik yang dapat dipetik sendiri selain itu juga terdapat bibit buah benih sayuran pupuk dan tanaman obat hortimart terdapat restoran bernuansa perkebunan dengan udara sejuk yang menyediakan makanan sehat dari sayur organik dan buah segar sumber foto ,https://visitjawatengah.jatengprov.go.id/id/regency/kabupaten-semarang/destinasi-wisata/hortimart-agro-center
10,Hills Joglo Villa ,"Hills Joglo Vila menawarkan nuansa alam berbalut seni pada bangunan Joglo nya. Terletak di Desa Keji, sekitar 3 km dari Ungaran, resor ini dilengkapi dengan restoran, galeri, penginapan dan toko-toko antik. Hiils Joglo Vila adalah tempat yang sangat nyaman dengan pemandangan sawah dan udaranya yang sejuk. Tempat ini dapat menjadi destinasi yang pas untuk menghabiskan akhir pekan bersama keluarga.    Untuk info selengkapnya dapat mengunjungi website https://www.villajoglo.com/",hills joglo vila menawarkan nuansa alam berbalut seni pada bangunan joglo nya terletak di desa keji sekitar km dari ungaran resor ini dilengkapi dengan restoran galeri penginapan dan toko toko antik hiils joglo vila adalah tempat yang sangat nyaman dengan pemandangan sawah dan udaranya yang sejuk tempat ini dapat menjadi destinasi yang pas untuk menghabiskan akhir pekan bersama keluarga untuk info selengkapnya dapat mengunjungi website ,https://visitjawatengah.jatengprov.go.id/id/regency/kabupaten-semarang/destinasi-wisata/hills-joglo-villa
11,Umbul Sidomukti ,"Umbul Sidomukti merupakan tempat wisata yang terletak di Desa Sidomukti, Bandungan, Kabupaten Semarang. Berkonsep REAL (Recreation, Education, Advanture and Leisure) Umbul Sidomukti menawarkan wisata kolam renang alami dan wahana outdoor seru, seperti ATV, Paralayang, Flying Fox, Marine Brigde, Little Ranch, dan masih banyak lainnya. Terletak di ketinggian 1200 mpdl, pengunjung akan disuguhkan pemandangan Kabupaten Semarang dari ketinggian. Selain itu, letaknya yang berada di dataran tinggi, membuat udara sekitar Umbul Sidomukti cenderung dingin. Dilengkapi dengan kafe dan penginapan, menjadikan Umbul Sidomukti bagai paket komplit yang patut dikunjungi untuk menghabiskan akhir pekan.   Untuk informasi selengkapnya silahkan kunjungi https://www.umbulsidomukti.com/",umbul sidomukti merupakan tempat wisata yang terletak di desa sidomukti bandungan kabupaten semarang berkonsep real recreation education advanture and leisure umbul sidomukti menawarkan wisata kolam renang alami dan wahana outdoor seru seperti atv paralayang flying fox marine brigde little ranch dan masih banyak lainnya terletak di ketinggian mpdl pengunjung akan disuguhkan pemandangan kabupaten semarang dari ketinggian selain itu letaknya yang berada di dataran tinggi membuat udara sekitar umbul sidomukti cenderung dingin dilengkapi dengan kafe dan penginapan menjadikan umbul sidomukti bagai paket komplit yang patut dikunjungi untuk menghabiskan akhir pekan untuk informasi selengkapnya silahkan kunjungi ,https://visitjawatengah.jatengprov.go.id/id/regency/kabupaten-semarang/destinasi-wisata/umbul-sidomukti
12,Balemong Resort ,"Balemong adalah sebuah resor dengan arsitektur khas Jawa dan Eropa yang terletak di Jl. Patimura 1B, Sisemut, Ungaran. Balemong menawarkan suasana pedesaan dan pemandangan Gunung Ungaran yang indah. Selain arsitekstunya yang kental, restoran yang ada didalamnya pun menyajikan masakan khas Jawa dan Eropa yang akan memanjakan lidah pengunjung. Ada pula galeri barang antik yang dapat dibeli pengunjung, ruang rapat, kafe, dan spa. Untuk informasi dan reservasi hubungi 024- 6.925.511.    Untuk informasi lebih lanjut silahkan kunjungi http://www.balemong.com",balemong adalah sebuah resor dengan arsitektur khas jawa dan eropa yang terletak di jl patimura sisemut ungaran balemong menawarkan suasana pedesaan dan pemandangan gunung ungaran yang indah selain arsitekstunya yang kental restoran yang ada didalamnya pun menyajikan masakan khas jawa dan eropa yang akan memanjakan lidah pengunjung ada pula galeri barang antik yang dapat dibeli pengunjung ruang rapat kafe dan spa untuk informasi dan reservasi hubungi untuk informasi lebih lanjut silahkan kunjungi ,https://visitjawatengah.jatengprov.go.id/id/regency/kabupaten-semarang/destinasi-wisata/balemong-resort
1,Cimory On The Valley ,"Terletak 1 jam dari pusat Kota Semarang, Cimory On The Valley menyajikan wisata rekreasi dan edukasi yang menarik bagi anak-anak dan keluarga. Pengunjung dapat menikmati hijaunya perkebunan dan melihat proses pengolahan susu yang ada di peternakan. Bagi penggemar cokelat terdapat juga corner khusus bernama Chocomory dimana disana pengunjung dapat membeli berbagai produk olahan cokelat seperti permen cokelat, minuman cokelat, kacang cokelat, dan banyak lagi. Untuk masuk ke Cimory On The Valley ini pengunjung dikenakan biaya RP. 15.000 per orang yang tiketnya dapat ditukar dengan youghurt di area Farm. Tempat ini buka setiap hari mulai pukul 08.00 hingga 21.00.   Foto : https://www.tripadvisor.co.id/Restaurant_Review-g297712-d4562333-Reviews-Cimory_on_the_Valley-Semarang_Central_Java_Java.html",terletak jam dari pusat kota semarang cimory on the valley menyajikan wisata rekreasi dan edukasi yang menarik bagi anak anak dan keluarga pengunjung dapat menikmati hijaunya perkebunan dan melihat proses pengolahan susu yang ada di peternakan bagi penggemar cokelat terdapat juga corner khusus bernama chocomory dimana disana pengunjung dapat membeli berbagai produk olahan cokelat seperti permen cokelat minuman cokelat kacang cokelat dan banyak lagi untuk masuk ke cimory on the valley ini pengunjung dikenakan biaya rp per orang yang tiketnya dapat ditukar dengan youghurt di area farm tempat ini buka setiap hari mulai pukul hingga foto ,https://visitjawatengah.jatengprov.go.id/id/regency/kabupaten-semarang/destinasi-wisata/cimory-on-the-valley
2,Curug Kembar Bolodewo ,"Curug atau Air terjun Bolodewo adalah dua curug yang saling berdekatan sehingga dikatakan ""kembar"" dan kata ""Bolodewo"" berasal dari tokoh pewayangan ""Baladewa"" sehingga dinamakan Curug Kembar Bolodewo. Di sekitar daerah ini, dapat ditemukan makanan tradisional khas desa ini yaitu montor mabur . Makanan ini terbuat dari singkong dicampur dengan gula aren.   Foto : https://kabsemarangtourism.com/?p=330",curug atau air terjun bolodewo adalah dua curug yang saling berdekatan sehingga dikatakan kembar dan kata bolodewo berasal dari tokoh pewayangan baladewa sehingga dinamakan curug kembar bolodewo di sekitar daerah ini dapat ditemukan makanan tradisional khas desa ini yaitu montor mabur makanan ini terbuat dari singkong dicampur dengan gula aren foto ,https://visitjawatengah.jatengprov.go.id/id/regency/kabupaten-semarang/destinasi-wisata/curug-kembar-bolodewo
1,Museum Kota Lama Semarang ,"Museum Kota Lama Semarang menampilkan sejarah Kota Semarang dan memamerkan benda-benda dari masa lalu. Museum ini memanfaatkan teknologi untuk menampilkan layar 3D yang dapat membuat pengunjung seolah-olah masuk ke dalam dunia virtual dan merasakan langsung sejarah Kota Semarang. Lokasinya berada di Jl. Cendrawasih No. 1A, Purwodinatan, Kecamatan Semarang Tengah, Kota Semarang. Museum ini tadinya adalah air mancur Bundaran Bubakan Semarang yang kemudian ditata ulang menjadi museum sejarah.",museum kota lama semarang menampilkan sejarah kota semarang dan memamerkan benda benda dari masa lalu museum ini memanfaatkan teknologi untuk menampilkan layar yang dapat membuat pengunjung seolah olah masuk ke dalam dunia virtual dan merasakan langsung sejarah kota semarang lokasinya berada di jl cendrawasih no purwodinatan kecamatan semarang tengah kota semarang museum ini tadinya adalah air mancur bundaran bubakan semarang yang kemudian ditata ulang menjadi museum sejarah ,https://visitjawatengah.jatengprov.go.id/id/regency/kota-semarang/destinasi-wisata/museum-kota-lama-semarang
2,Klenteng Tay Kak Sie ,"KLENTENG TAY KAK SIE Ketika menyusuri kawasan Pecinan kota Semarang, Sobat dapat mengunjungi klenteng tua yang berada di gang Lombok. Klenteng ini dibangun tahun 1746 dan memiliki fasilitas yang lengkap untuk beribadah. Tiap jelang tahun baru Imlek, klenteng Tay Kak Sie menggelar tradisi upacara Siang Sin Giu Hokri untuk mengantarkan dewa-dewi ke kayangan.  ",klenteng tay kak sie ketika menyusuri kawasan pecinan kota semarang sobat dapat mengunjungi klenteng tua yang berada di gang lombok klenteng ini dibangun tahun dan memiliki fasilitas yang lengkap untuk beribadah tiap jelang tahun baru imlek klenteng tay kak sie menggelar tradisi upacara siang sin giu hokri untuk mengantarkan dewa dewi ke kayangan ,https://visitjawatengah.jatengprov.go.id/id/regency/kota-semarang/destinasi-wisata/klenteng-tay-kak-sie
3,Pura Giri Natha ,"Wisata religi di tengah Kota Semarang? Silakan berkunjung ke Pura Agung Giri Natha. Nuansa Bali yang khas akan menyambut pengunjung. Pura yang berada di perbukitan ini berfungsi sebagai ritus spiritual, sekaligus ritus sosial, seperti tempat pertemuan, olahraga, dan berkesenian. Bagaimana? Menarik ya?",wisata religi di tengah kota semarang silakan berkunjung ke pura agung giri natha nuansa bali yang khas akan menyambut pengunjung pura yang berada di perbukitan ini berfungsi sebagai ritus spiritual sekaligus ritus sosial seperti tempat pertemuan olahraga dan berkesenian bagaimana menarik ya ,https://visitjawatengah.jatengprov.go.id/id/regency/kota-semarang/destinasi-wisata/pura-giri-natha
4,Makam Habib Hasan Bin Thoha ,"Makam Habib Hasan bin Thoha selalu ramai para peziarah. Semasa hidupnya, Habib Hasan adalah seorang ulama dan pejuang. Ia mendapat julukan Singo Barong karena keberanian dan kegigihannya dalam melawan penjajah Belanda. Ia juga menantu dari Sultan Hamengkubuwono II. Habib Hasan wafat pada tahun 1818 dan dimakamkan di Jl. Duku, Lamper, Kota Semarang.",makam habib hasan bin thoha selalu ramai para peziarah semasa hidupnya habib hasan adalah seorang ulama dan pejuang ia mendapat julukan singo barong karena keberanian dan kegigihannya dalam melawan penjajah belanda ia juga menantu dari sultan hamengkubuwono ii habib hasan wafat pada tahun dan dimakamkan di jl duku lamper kota semarang ,https://visitjawatengah.jatengprov.go.id/id/regency/kota-semarang/destinasi-wisata/makam-habib-hasan-bin-thoha
5,Desa Wisata Kandri ,"Siapa yang berani kotor? Desa Wisata Kandri, Kota Semarang menawarkan aktivitas bermain di alam yang menyenangkan, meski tangan dan pakaian menjadi kotor. Bisa panen singkong, membuat kripik singkong, melukis caping, atau memberi makan ternak sapi. Silakan kunjungi Instagram Desa Wisata Kandri ",siapa yang berani kotor desa wisata kandri kota semarang menawarkan aktivitas bermain di alam yang menyenangkan meski tangan dan pakaian menjadi kotor bisa panen singkong membuat kripik singkong melukis caping atau memberi makan ternak sapi silakan kunjungi instagram desa wisata kandri ,https://visitjawatengah.jatengprov.go.id/id/regency/kota-semarang/destinasi-wisata/desa-wisata-kandri
6,Desa Wisata Wonolopo ,"Ingin liburan yang tidak biasa? Silakan berkunjung ke Desa Wisata Wonolopo di Kota Semarang. Desa ini dikenal sebagai desa  jamu karena pengunjung dapat menjajal untuk membuat jamu. Paket wisata lainnya yang ditawarkan oleh pengelola, antara lain menanam padi, menanam buah-buahan, berkeliling desa dengan sepeda onthel, pembuatan sapu ijuk, dan lain-lain. Pengunjung juga dapat mencicipi kuliner tradisional, seperti Gendar pecel, ketan serundeng, dan nasi urab ndeso. Komplit sekali bukan? Untuk informasi dan reservasi selengkapnya dapat menghubungi 0853 2655 2174 atau klik http://instagram.com/dewi.wonolopo.",ingin liburan yang tidak biasa silakan berkunjung ke desa wisata wonolopo di kota semarang desa ini dikenal sebagai desa jamu karena pengunjung dapat menjajal untuk membuat jamu paket wisata lainnya yang ditawarkan oleh pengelola antara lain menanam padi menanam buah buahan berkeliling desa dengan sepeda onthel pembuatan sapu ijuk dan lain lain pengunjung juga dapat mencicipi kuliner tradisional seperti gendar pecel ketan serundeng dan nasi urab ndeso komplit sekali bukan untuk informasi dan reservasi selengkapnya dapat menghubungi atau klik ,https://visitjawatengah.jatengprov.go.id/id/regency/kota-semarang/destinasi-wisata/desa-wisata-wonolopo
7,Gereja Blenduk ,"Gereja ini didirikan pada tahun 1742 M dengan pendeta pertamanya adalah Johannes Wilhelmus Swemmelaar (1753-1760 M). Awalnya, Gereja berbentuk rumah panggung jawa dengan atap yang sesuai dengan arsitektur Jawa. Hal ini dapat dilihat pada Peta Kota Semarang tahun 1756 yang menunjukkan konfigurasi massa yang berbeda dengan saat kini. Pada tahun 1894-1895, gereja ini dibangun kembali oleh H.P.A. De Wilde dan W. Westmaas dengan bentuk yang sekarang ini. Dari segi arsitektur desain bangunan, Gereja Blenduk (GPIB Immanuel) bergaya Pseudo Barouque (gaya arsitektur Eropa dari abad 17-19). Setiap renovasi diabadikan lewat tulisan di atas batu marmer yang terpasang di bawah alter gereja. Renovasi-renovasi tersebut sama sekali tidak merubah ciri khas bangunan yang mengadopsi gaya arsitektur Eropa klasik yang anggun dan aristokrat. Sumber : https://cagarbudaya.kemdikbud.go.id/public/objek/detailcb/PO2016011200006/gereja-blenduk-gereja-protestan-di-indonesia-bagian-barat-immanuel",gereja ini didirikan pada tahun dengan pendeta pertamanya adalah johannes wilhelmus swemmelaar awalnya gereja berbentuk rumah panggung jawa dengan atap yang sesuai dengan arsitektur jawa hal ini dapat dilihat pada peta kota semarang tahun yang menunjukkan konfigurasi massa yang berbeda dengan saat kini pada tahun gereja ini dibangun kembali oleh de wilde dan westmaas dengan bentuk yang sekarang ini dari segi arsitektur desain bangunan gereja blenduk gpib immanuel bergaya pseudo barouque gaya arsitektur eropa dari abad setiap renovasi diabadikan lewat tulisan di atas batu marmer yang terpasang di bawah alter gereja renovasi renovasi tersebut sama sekali tidak merubah ciri khas bangunan yang mengadopsi gaya arsitektur eropa klasik yang anggun dan aristokrat sumber ,https://visitjawatengah.jatengprov.go.id/id/regency/kota-semarang/destinasi-wisata/gereja-blenduk
8,Lumina Grand Maerakaca ,"Lumina Grand Maerakaca adalah spot baru yang terletak di sebelah utara miniatur laut Jawa. Lumina Grand Maerakaca menawarkan fasad rumah-rumah dari beberapa negara, antara lain Jepang, Santorini Yunani, Turki, Mexico dan Arab sepanjang 200 meter. Anda dapat berfoto dengan latar rumah-rumah yang unik dan penuh warna.",lumina grand maerakaca adalah spot baru yang terletak di sebelah utara miniatur laut jawa lumina grand maerakaca menawarkan fasad rumah rumah dari beberapa negara antara lain jepang santorini yunani turki mexico dan arab sepanjang meter anda dapat berfoto dengan latar rumah rumah yang unik dan penuh warna ,https://visitjawatengah.jatengprov.go.id/id/regency/kota-semarang/destinasi-wisata/lumina-grand-maerakaca
9,Museum Ranggawarsita ,"Museum Provinsi Jawa Tengah juga dikenal sebagai ""Museum Ranggawarsita"" memiliki lebih dari 50.000 buah koleksi nilai arkeologi, sejarah dan budaya. Nama museum ini diambil dari salah satu peot paling terkenal Indonesia, Ranggawarsita. Museum Ranggawarsita terletak di Jl. Abdul Rahman Saleh No 1, Kota Semarang. Di sini, Anda juga bisa menaiki bus wisata Si Kenang secara gratis, hanya dengan menunjukkan KTP. Jadwal keberangkatan bus, yaitu jam 09.00, 11.00, dan 15.00. Yuk, keliling Semarang. Silakan follow Instagram : http://www.instagram.com/museumranggawarsita  ",museum provinsi jawa tengah juga dikenal sebagai museum ranggawarsita memiliki lebih dari buah koleksi nilai arkeologi sejarah dan budaya nama museum ini diambil dari salah satu peot paling terkenal indonesia ranggawarsita museum ranggawarsita terletak di jl abdul rahman saleh no kota semarang di sini anda juga bisa menaiki bus wisata si kenang secara gratis hanya dengan menunjukkan ktp jadwal keberangkatan bus yaitu jam dan yuk keliling semarang silakan follow instagram ,https://visitjawatengah.jatengprov.go.id/id/regency/kota-semarang/destinasi-wisata/museum-ranggawarsita
10,Klenteng Sam Poo Kong ,"Klenteng Sam Poo Kong, juga dikenal sebagai Klenteng Gedung Batu, adalah klenteng Cina tertua di Semarang, ibukota provinsi Jawa Tengah. Bangunan ini meliputi area seluas 1.020 meter persegi dan dipengaruhi oleh gaya arsitektur Cina dan Jawa abad ke-14. Klenteng ini dicat dengan warna merah yang megah dan dimahkotai dengan atap pagoda berlapis tiga, khas budaya Asia Timur.  Pondasi klenteng pertama kali dibangun oleh Laksamana Cheng Ho, seorang penjelajah Muslim dari Cina Daratan. Setelah beberapa waktu, Cheng Ho meninggalkan Jawa, tetapi banyak krunya memutuskan untuk tetap tinggal dan menetap di daerah itu. Mereka menikah dengan penduduk setempat, dan sampai sekarang, Simongan dihuni oleh keturunan Cina. Pada 1704, kuil dan gua yang asli runtuh karena tanah longsor. Masyarakat setempat membangunnya kembali 20 tahun kemudian di lokasi yang berbeda, lebih dekat ke pusat kota dan lebih jauh dari daerah yang cenderung mengalami pembusukan oleh unsur-unsur alami. Itu berfungsi baik sebagai tempat ibadah, dan tempat suci menghormati Cheng Ho untuk jasanya kepada masyarakat.   Silahkan kunjungi website resmi https://sampookong.co.id/",klenteng sam poo kong juga dikenal sebagai klenteng gedung batu adalah klenteng cina tertua di semarang ibukota provinsi jawa tengah bangunan ini meliputi area seluas meter persegi dan dipengaruhi oleh gaya arsitektur cina dan jawa abad ke klenteng ini dicat dengan warna merah yang megah dan dimahkotai dengan atap pagoda berlapis tiga khas budaya asia timur pondasi klenteng pertama kali dibangun oleh laksamana cheng ho seorang penjelajah muslim dari cina daratan setelah beberapa waktu cheng ho meninggalkan jawa tetapi banyak krunya memutuskan untuk tetap tinggal dan menetap di daerah itu mereka menikah dengan penduduk setempat dan sampai sekarang simongan dihuni oleh keturunan cina pada kuil dan gua yang asli runtuh karena tanah longsor masyarakat setempat membangunnya kembali tahun kemudian di lokasi yang berbeda lebih dekat ke pusat kota dan lebih jauh dari daerah yang cenderung mengalami pembusukan oleh unsur unsur alami itu berfungsi baik sebagai tempat ibadah dan tempat suci menghormati cheng ho untuk jasanya kepada masyarakat silahkan kunjungi website resmi ,https://visitjawatengah.jatengprov.go.id/id/regency/kota-semarang/destinasi-wisata/klenteng-sam-poo-kong
11,Masjid Besar Kauman ,"Masjid ini didirikan oleh seorang pemimpin agama Arab keturunan besar, Maulana Ibnu Abdul Salim atau dikenal sebagai Kiai Pandan Arang. Masjid ini terletak tak jauh dari Pasar Johar. Menurut sejarah, masjid ini pernah terbakar akibat sambaran petir pada 1885, tetapi dibangun kembali dengan bantuan Asisten Residen Bupati Semarang GI Blume dan Raden Tumenggung Cokrodipuro yang akhirnya selesai pada tahun 1889. Arsitektur masjid ini sangat unik terutama pada bagian atap yang berlapis tiga.",masjid ini didirikan oleh seorang pemimpin agama arab keturunan besar maulana ibnu abdul salim atau dikenal sebagai kiai pandan arang masjid ini terletak tak jauh dari pasar johar menurut sejarah masjid ini pernah terbakar akibat sambaran petir pada tetapi dibangun kembali dengan bantuan asisten residen bupati semarang gi blume dan raden tumenggung cokrodipuro yang akhirnya selesai pada tahun arsitektur masjid ini sangat unik terutama pada bagian atap yang berlapis tiga ,https://visitjawatengah.jatengprov.go.id/id/regency/kota-semarang/destinasi-wisata/masjid-besar-kauman
12,Masjid Agung Jawa Tengah (Majt) ,"Masjid Agung Jawa Tengah (Masjid Agung Jawa Tengah) merupakan masjid terbesar di Jawa Tengah yang terletak di Jalan Gajah Raya, Sambirejo, Kecamatan Gayamsari. Masjid ini dirancang dalam gaya arsitektur campuran Jawa, Islam dan Yunani. Bangunan utama memiliki atap berbentuk piramida dengan empat menara di setiap sudut. Bagian depan terdpata menara dengan ketinggian 99 meter, yang disebut menara Asmaul Husna. Di dalam menara terdapat museum sejarah perkembangan Islam di tanah Jawa. Silahkan kunjungi website resmi https://majt.or.id/",masjid agung jawa tengah masjid agung jawa tengah merupakan masjid terbesar di jawa tengah yang terletak di jalan gajah raya sambirejo kecamatan gayamsari masjid ini dirancang dalam gaya arsitektur campuran jawa islam dan yunani bangunan utama memiliki atap berbentuk piramida dengan empat menara di setiap sudut bagian depan terdpata menara dengan ketinggian meter yang disebut menara asmaul husna di dalam menara terdapat museum sejarah perkembangan islam di tanah jawa silahkan kunjungi website resmi ,https://visitjawatengah.jatengprov.go.id/id/regency/kota-semarang/destinasi-wisata/masjid-agung-jawa-tengah-majt
1,Pagoda Avalokitesvara ,"Bangunan ini terdiri dari tujuh tingkat dan setiap tingkat memiliki empat patung Dewi Kwan Im berdiri di empat sudut. Pagoda Avalokitesvara dibangun pada tahun 2005 dengan arsitektur khas Tiongkok. Begitu pula dengan elemen-elemen di bangunan ini. seperti keramik, aksesoris, tangga, kolam naga, lampu naga, air terjun naga, phoenix dan sampai patung lilin, dibawa dari negeri Tiongkok.",bangunan ini terdiri dari tujuh tingkat dan setiap tingkat memiliki empat patung dewi kwan im berdiri di empat sudut pagoda avalokitesvara dibangun pada tahun dengan arsitektur khas tiongkok begitu pula dengan elemen elemen di bangunan ini seperti keramik aksesoris tangga kolam naga lampu naga air terjun naga phoenix dan sampai patung lilin dibawa dari negeri tiongkok ,https://visitjawatengah.jatengprov.go.id/id/regency/kota-semarang/destinasi-wisata/pagoda-avalokitesvara
2,Museum Rekor Indonesia (Muri) ,"Museum Rekor Dunia Indonesia didirikan oleh Jaya Suprana sejak 1990. Berdiri di kawasan Industri Jamu Jago, museum ini menyimpan koleksi foto prestasi dan rekor yang pernah dipecahkan orang Indonesia. Selain itu, museum ini juga menyimpan benda-benda yang berkaitan dengan PT Jamu Jago milik Jaya Suprana, generasi ketiga pendiri perusahaan jamu tersebut. Museum buka setiap Senin sampai Jum'at mulai pukul 09.00 WIB hingga pukul 14.00 WIB, tapi museum ini tutup pada hari-hari libur nasional.
 ",museum rekor dunia indonesia didirikan oleh jaya suprana sejak berdiri di kawasan industri jamu jago museum ini menyimpan koleksi foto prestasi dan rekor yang pernah dipecahkan orang indonesia selain itu museum ini juga menyimpan benda benda yang berkaitan dengan pt jamu jago milik jaya suprana generasi ketiga pendiri perusahaan jamu tersebut museum buka setiap senin sampai jum at mulai pukul wib hingga pukul wib tapi museum ini tutup pada hari hari libur nasional ,https://visitjawatengah.jatengprov.go.id/id/regency/kota-semarang/destinasi-wisata/museum-rekor-indonesia-muri
3,Museum Mandala Bhakti ,"Di sekitar Tugu Muda terdapat sebuah bangunan kuno peninggalan kolonial Belanda yang dibangun sekitar tahun 1930-an. Awalnya, gedung ini merupakan Gedung Pengadilan Tinggi (Raad van Justitie). Sekitar tahun 1985, bangunan in berubah fungsi sebagai museum Perjuangan TNI yang menyimpan beragam koleksi senjata baik tradisional maupun modern. Dari lantai 2, Anda dapat melihat Tugu Muda dan Lawang Sewu.",di sekitar tugu muda terdapat sebuah bangunan kuno peninggalan kolonial belanda yang dibangun sekitar tahun an awalnya gedung ini merupakan gedung pengadilan tinggi raad van justitie sekitar tahun bangunan in berubah fungsi sebagai museum perjuangan tni yang menyimpan beragam koleksi senjata baik tradisional maupun modern dari lantai anda dapat melihat tugu muda dan lawang sewu ,https://visitjawatengah.jatengprov.go.id/id/regency/kota-semarang/destinasi-wisata/museum-mandala-bhakti
4,Mangrove Maerokoco ,"Trekking Mangrove Maerokoco hadir sejak awal tahun 2017. Di sini, wisatawan dapat menikmati semilir angin pantai sembari menyusuri hutan bakau yang tumbuh cukup lebat. Selain itu, wisatawan juga dapat menaiki perahu yang tersedia. Keindahan mangrove ini berada di Puri Maerokoco, PRPP Jateng, hanya sekitar 10 menit perjalanan dari pusat kota dengan kendaraan bermotor.  ",trekking mangrove maerokoco hadir sejak awal tahun di sini wisatawan dapat menikmati semilir angin pantai sembari menyusuri hutan bakau yang tumbuh cukup lebat selain itu wisatawan juga dapat menaiki perahu yang tersedia keindahan mangrove ini berada di puri maerokoco prpp jateng hanya sekitar menit perjalanan dari pusat kota dengan kendaraan bermotor ,https://visitjawatengah.jatengprov.go.id/id/regency/kota-semarang/destinasi-wisata/mangrove-maerokoco
5,Semarang Zoo ,"Taman Satwa Semarang atau Semarang Zoo terletak di sebelah timur Kota Semarang, tepatnya depan Terminal Mangkang. Semarang Zoo merupakan tempat konservasi satwa yang memadukan konsep edukasi dengan konsep rekreasi dimana pengunjung bisa mendapatkan pengetahuan yang lebih luas mengenai kekayaan flora dan fauna. Beberapa satwa yang ada di sini, antara lain Harimau Benggala, Gajah Sumatra, Kanguru, Orang Utan, Rusa, dan lain-lain. Fasilitas lain yang tersedia di kawasan ini ialah water boom untuk anak-anak,  museum pesawat terbang, kolam pasir putih, kolam batu terapi, dan kedai makanan yang sehat dan murah. Semarang Zoo sangat cocok untuk wisata edukasi dan wisata keluarga. Silakan kunjungi Instagram resmi di instagram.com/semarangzoo.official",taman satwa semarang atau semarang zoo terletak di sebelah timur kota semarang tepatnya depan terminal mangkang semarang zoo merupakan tempat konservasi satwa yang memadukan konsep edukasi dengan konsep rekreasi dimana pengunjung bisa mendapatkan pengetahuan yang lebih luas mengenai kekayaan flora dan fauna beberapa satwa yang ada di sini antara lain harimau benggala gajah sumatra kanguru orang utan rusa dan lain lain fasilitas lain yang tersedia di kawasan ini ialah water boom untuk anak anak museum pesawat terbang kolam pasir putih kolam batu terapi dan kedai makanan yang sehat dan murah semarang zoo sangat cocok untuk wisata edukasi dan wisata keluarga silakan kunjungi instagram resmi di instagram com semarangzoo official,https://visitjawatengah.jatengprov.go.id/id/regency/kota-semarang/destinasi-wisata/semarang-zoo
6,Stasiun Kereta Api Semarang Tawang ,"Stasiun Tawang dirancang oleh arsitek Belanda Sloth-Blauwboer dan diresmikan pada tanggal 1 Juni 1914. Sebelumnya, pada tahun 1911 dilakukan peletakan batu pertama oleh Anna Wilhelmina van Lennep, putri Kepala Teknisi di NISM. Lokasi Stasiun Tawang cukup strategis, terletak di sebelah utara kawasan Kota Lama Semarang yang pada saat itu mejadi pusat perdagangan di Semarang. Kendati berlokasi strategis, wilayah di utara Kota Lama Semarang masih berupa rawa dengan tanah yang labil. Untuk mengatasi hal tersebut, sebelum dilaksanakan pembangunan dilakukan pemadatan tanah menggunakan lempengan pelat beton selama berbulan-bulan. Sumber : https://heritage.kai.id/page/Stasiun%20Semarang%20Tawang",stasiun tawang dirancang oleh arsitek belanda sloth blauwboer dan diresmikan pada tanggal juni sebelumnya pada tahun dilakukan peletakan batu pertama oleh anna wilhelmina van lennep putri kepala teknisi di nism lokasi stasiun tawang cukup strategis terletak di sebelah utara kawasan kota lama semarang yang pada saat itu mejadi pusat perdagangan di semarang kendati berlokasi strategis wilayah di utara kota lama semarang masih berupa rawa dengan tanah yang labil untuk mengatasi hal tersebut sebelum dilaksanakan pembangunan dilakukan pemadatan tanah menggunakan lempengan pelat beton selama berbulan bulan sumber ,https://visitjawatengah.jatengprov.go.id/id/regency/kota-semarang/destinasi-wisata/stasiun-kereta-api-semarang-tawang
7,Hutan Wisata Tinjomoyo ,"Hutan Wisata Tinjomoyo bisa menjadi pilihan bagi Anda yang ingin menikmati suasana asri di Kota Semarang. Di sini, Anda dapat menjumpai pepohonan yang tinggi dan rindang. Di beberapa spot tersedia hammock untuk berfoto. Di sini sering diadakan berbagai kegiatan dan lomba, seperti Lomba Burung, berkemah, dll. Tak jauh dari Hutan Tinjomoyo, ada Jembatan bercat merah yang sering dijadikan sebagai tempat berfoto anak muda. ",hutan wisata tinjomoyo bisa menjadi pilihan bagi anda yang ingin menikmati suasana asri di kota semarang di sini anda dapat menjumpai pepohonan yang tinggi dan rindang di beberapa spot tersedia hammock untuk berfoto di sini sering diadakan berbagai kegiatan dan lomba seperti lomba burung berkemah dll tak jauh dari hutan tinjomoyo ada jembatan bercat merah yang sering dijadikan sebagai tempat berfoto anak muda ,https://visitjawatengah.jatengprov.go.id/id/regency/kota-semarang/destinasi-wisata/hutan-wisata-tinjomoyo
8,Tugu Muda ,"Tugu Muda atau juga dikenal sebagai Wilhelmina plein pada masa kolonial Hindia Belanda terletak di seberang Lawang Sewu, tepatnya di tengah-tengah persimpangan Jl. Sutomo, Jl. Pandanaran, Jl. Imam Bonjol dan Jl. Soegiyopranoto. Tugu Muda berwujud monumen lilin berbentuk di dalam taman yang dibangun dalam rangka memperingati aksi heroik lima hari pertempuran di Semarang. Membakar lilin adalah representasi dari semangat unremiting dan di bagian bawah monumen ada beberapa bantuan yang menceritakan tentang pertempuran, seperti Pertempuran Pertolongan, Serangan Bantuan, Korban Pertolongan, dan kenangan Bantuan.",tugu muda atau juga dikenal sebagai wilhelmina plein pada masa kolonial hindia belanda terletak di seberang lawang sewu tepatnya di tengah tengah persimpangan jl sutomo jl pandanaran jl imam bonjol dan jl soegiyopranoto tugu muda berwujud monumen lilin berbentuk di dalam taman yang dibangun dalam rangka memperingati aksi heroik lima hari pertempuran di semarang membakar lilin adalah representasi dari semangat unremiting dan di bagian bawah monumen ada beberapa bantuan yang menceritakan tentang pertempuran seperti pertempuran pertolongan serangan bantuan korban pertolongan dan kenangan bantuan ,https://visitjawatengah.jatengprov.go.id/id/regency/kota-semarang/destinasi-wisata/tugu-muda
9,Grand Maerokoco ,"Maerokoco adalah miniatur atau taman mini Jawa Tengah yang merangkum semua rumah adat (paviliun) dari 35 kabupaten dan kota. Terletak sekitar 5 km dari pusat kota atau di daerah PRPP, paviliun biasanya digunakan untuk menjual produk industri dan kerajinan yang diproduksi oleh masing-masing daerah. Di samping rumah adat, obyek wisata ini dilengkapi juga dengan fasilitas permainan. seperti sepeda air, perahu, dan juga melatih juga bagi pengunjung. Grand Maerokoco dapat diakses dengan angkutan umum atau kendaraan pribadi.",maerokoco adalah miniatur atau taman mini jawa tengah yang merangkum semua rumah adat paviliun dari kabupaten dan kota terletak sekitar km dari pusat kota atau di daerah prpp paviliun biasanya digunakan untuk menjual produk industri dan kerajinan yang diproduksi oleh masing masing daerah di samping rumah adat obyek wisata ini dilengkapi juga dengan fasilitas permainan seperti sepeda air perahu dan juga melatih juga bagi pengunjung grand maerokoco dapat diakses dengan angkutan umum atau kendaraan pribadi ,https://visitjawatengah.jatengprov.go.id/id/regency/kota-semarang/destinasi-wisata/grand-maerokoco
10,Kota Lama Semarang ,"Jika Anda berwisata ke Kota Semarang, maka jangan lewatkan untuk mengunjungi Kota Lama Semarang. Kota Lama merupakan sebuah kawasan cagar budaya di mana terdapat gedung-gedung tua dan bersejarah peninggalan Hindia Belanda yang berusia ratusan tahun. Pada masa itu, kawasan ini merupakan pusat pemerintahan. Arsitektur gedung-gedungnya bergaya khas Eropa dengan pintu utama dan jendela berukuran besar, elemen dekoratif, dan langit-langit yang tinggi.  Beberapa spot yang ramai dan menarik untuk dikunjungi, antara lain Gereja Blenduk, Taman Srigunting, Gedung Asuransi Jiwasraya, Gedung Bank Mandiri Mpu Tantular, Rumah Akar samping Gedung Jiwasraya, Gedung Oudetrap, Semarang Art Gallery, De Spiegel, Marba, dan masih banyak lagi lainnya. Bagi Anda yang menyukai petualangan, menyusuri sudut-sudut Kota Lama Semarang terasa sangat mengasyikkan karena Anda dapat berjalan kaki dengan nyaman di area pedestrian yang telah tertata rapi. Anda juga dapat mengikuti tur reguler yang diselenggarakan oleh komunitas walking tour. Khusus pada malam hari di akhir pekan, Anda dapat menikmati suasana Car Free Night di sepanjang Jl. Letjen Suprapto.   ",jika anda berwisata ke kota semarang maka jangan lewatkan untuk mengunjungi kota lama semarang kota lama merupakan sebuah kawasan cagar budaya di mana terdapat gedung gedung tua dan bersejarah peninggalan hindia belanda yang berusia ratusan tahun pada masa itu kawasan ini merupakan pusat pemerintahan arsitektur gedung gedungnya bergaya khas eropa dengan pintu utama dan jendela berukuran besar elemen dekoratif dan langit langit yang tinggi beberapa spot yang ramai dan menarik untuk dikunjungi antara lain gereja blenduk taman srigunting gedung asuransi jiwasraya gedung bank mandiri mpu tantular rumah akar samping gedung jiwasraya gedung oudetrap semarang art gallery de spiegel marba dan masih banyak lagi lainnya bagi anda yang menyukai petualangan menyusuri sudut sudut kota lama semarang terasa sangat mengasyikkan karena anda dapat berjalan kaki dengan nyaman di area pedestrian yang telah tertata rapi anda juga dapat mengikuti tur reguler yang diselenggarakan oleh komunitas walking tour khusus pada malam hari di akhir pekan anda dapat menikmati suasana car free night di sepanjang jl letjen suprapto ,https://visitjawatengah.jatengprov.go.id/id/regency/kota-semarang/destinasi-wisata/kota-lama-semarang
11,Taman Lele ,"Kampung Wisata Taman lele merupakan salah satu tujuan rekreasi keluarga di Kota Semarang yang dilengkapi dengan beragam fasilitas antara lain kolam keceh, becak air, dan gazebo. Taman Lele juga menyediakan fasilitas penginapan dengan harga terjangkau. Berjarak sekitar 30 menit dari pusat kota Semarang, Taman Lele dapat menjadi destinasi seru untuk menghabiskan akhir pekan bersama keluarga.",kampung wisata taman lele merupakan salah satu tujuan rekreasi keluarga di kota semarang yang dilengkapi dengan beragam fasilitas antara lain kolam keceh becak air dan gazebo taman lele juga menyediakan fasilitas penginapan dengan harga terjangkau berjarak sekitar menit dari pusat kota semarang taman lele dapat menjadi destinasi seru untuk menghabiskan akhir pekan bersama keluarga ,https://visitjawatengah.jatengprov.go.id/id/regency/kota-semarang/destinasi-wisata/taman-lele
12,Pantai Marina ,"Pantai Marina berada di Jalan Yos Sudarso, sekitar 4 km dari Tugu Muda. Akses menuju ke pantai ini sangat mudah. Beberapa aktivitas yang dapat Anda lakukan di sana ialah memancing, menyewa perahu untuk berkeliling, dan mencicipi ragam kuliner. Pantai Marina cocok sebagai tujuan rekreasi bersama keluarga, terutama anak-anak.",pantai marina berada di jalan yos sudarso sekitar km dari tugu muda akses menuju ke pantai ini sangat mudah beberapa aktivitas yang dapat anda lakukan di sana ialah memancing menyewa perahu untuk berkeliling dan mencicipi ragam kuliner pantai marina cocok sebagai tujuan rekreasi bersama keluarga terutama anak anak ,https://visitjawatengah.jatengprov.go.id/id/regency/kota-semarang/destinasi-wisata/pantai-marina
1,Lawang Sewu ,"Lawang Sewu merupakan Gedung megah berarsitektur art deco, yang digunakan Belanda sebagai Kantor Pusat Kereta Api (Trem) atau Nederlandsch Indische Spoorweg Maschaappij (NIS) yang terletak di Komplek Tugu Muda. Bangunan karya arsitek Belanda Prof. Jacob F. Klinkhamer dan B.J. Queendag ini menurut sejarah dibangun tahun 1903, kemudian diresmikan pada tanggal 1 Juli 1907. Masyarakat Semarang lebih mengenal gedung ini dengan sebutan Gedung Lawang Sewu, karena gedung ini memiliki jumlah pintu yang banyak, yang dalam bahasa jawa Lawang Sewu yaitu Lawang berarti Pintu dan Sewu yang berarti Seribu. Sekarang Gedung Lawang Sewu ini digunakan sebagai daya tarik wisata berupa peninggalan sejarah arsitek bangunan kuno dan antik, ruang bawah tanah dan menara informasi, sering pula digunakan sebagai tempat pameran dalam even-even tertentu.",lawang sewu merupakan gedung megah berarsitektur art deco yang digunakan belanda sebagai kantor pusat kereta api trem atau nederlandsch indische spoorweg maschaappij nis yang terletak di komplek tugu muda bangunan karya arsitek belanda prof jacob klinkhamer dan queendag ini menurut sejarah dibangun tahun kemudian diresmikan pada tanggal juli masyarakat semarang lebih mengenal gedung ini dengan sebutan gedung lawang sewu karena gedung ini memiliki jumlah pintu yang banyak yang dalam bahasa jawa lawang sewu yaitu lawang berarti pintu dan sewu yang berarti seribu sekarang gedung lawang sewu ini digunakan sebagai daya tarik wisata berupa peninggalan sejarah arsitek bangunan kuno dan antik ruang bawah tanah dan menara informasi sering pula digunakan sebagai tempat pameran dalam even even tertentu ,https://visitjawatengah.jatengprov.go.id/id/regency/kota-semarang/destinasi-wisata/lawang-sewu
2,Kawasan Simpang Lima ,"Kawasan Simpang Lima merupakan sentra perdagangan dan kuliner di Kota Semarang. Di sini, Anda dapat menjumpai toko oleh-oleh yang menjual jajanan khas Semarang, seperti spikoe, lapis legit, dan tahu bakso.. Pada malam hari, Anda dapat mencicipi beragam kuliner tradisional, seperti nasi pecel, tahu petis, nasi ayam, tahu gimbal, dll. Di malam hari anda juga dapat menaiki kereta gowes hias mengelilingi lapangan pancasila, ada pula sepeda tandem hias yang dapat digowes dua orang sekaligus.",kawasan simpang lima merupakan sentra perdagangan dan kuliner di kota semarang di sini anda dapat menjumpai toko oleh oleh yang menjual jajanan khas semarang seperti spikoe lapis legit dan tahu bakso pada malam hari anda dapat mencicipi beragam kuliner tradisional seperti nasi pecel tahu petis nasi ayam tahu gimbal dll di malam hari anda juga dapat menaiki kereta gowes hias mengelilingi lapangan pancasila ada pula sepeda tandem hias yang dapat digowes dua orang sekaligus ,https://visitjawatengah.jatengprov.go.id/id/regency/kota-semarang/destinasi-wisata/kawasan-simpang-lima
3,Goa Kreo ,"Goa Kreo merupakan salah satu daya tarik wisata alam di Kota Semarang yang mahsyur dengan kisah Sunan Kalijaga mencari kayu jati untuk membangun Masjid Agung Demak. Sunan Kalijaga pun sampai di sebuah gua dan didatangi empat ekor kera. Kemudian, Sunan Kalijaga meminta kera-kera tersebut untuk tinggal atau menjaga di sekitar Gua, maka jadilah Gua Kreo. Kata ""Kreo"" berasal dari Mangreho yang berarti penjaga.",goa kreo merupakan salah satu daya tarik wisata alam di kota semarang yang mahsyur dengan kisah sunan kalijaga mencari kayu jati untuk membangun masjid agung demak sunan kalijaga pun sampai di sebuah gua dan didatangi empat ekor kera kemudian sunan kalijaga meminta kera kera tersebut untuk tinggal atau menjaga di sekitar gua maka jadilah gua kreo kata kreo berasal dari mangreho yang berarti penjaga ,https://visitjawatengah.jatengprov.go.id/id/regency/kota-semarang/destinasi-wisata/goa-kreo
4,Taman Budaya Raden Saleh ,"Taman Budaya Raden Saleh (TBRS) adalah Pusat Kesenian dan Kebudayaan yang berada di Jl.Sriwijaya 29. Pada hari-hari tertentu TBRS digunakan untuk pementasan wayang, teater, dan pameran kesenian lainnya. Misalnya, Teater Lingkar Semarang yang berupa seni drama dan pembacaan puisi. Juga pameran lukisan, pertunjukan wayang orang dan kesenian lainnya seperti acara musik. TBRS ini juga sebagai tempat nongkrongnya para seniman Semarang dan sekitarnya.",taman budaya raden saleh tbrs adalah pusat kesenian dan kebudayaan yang berada di jl sriwijaya pada hari hari tertentu tbrs digunakan untuk pementasan wayang teater dan pameran kesenian lainnya misalnya teater lingkar semarang yang berupa seni drama dan pembacaan puisi juga pameran lukisan pertunjukan wayang orang dan kesenian lainnya seperti acara musik tbrs ini juga sebagai tempat nongkrongnya para seniman semarang dan sekitarnya ,https://visitjawatengah.jatengprov.go.id/id/regency/kota-semarang/destinasi-wisata/taman-budaya-raden-saleh
5,Gombel Golf Semarang ,"Penikmat olahraga golf di Jawa Tengah pasti sudah mengenal lapangan Gombel Golf Semarang. Lapangan golf yang terletak di perbukitan Gombel ini merupakan salah satu lapangan bertaraf internasional yang dimiliki Jawa Tengah. Dengan luas yang mencapai 63 hektar, membuat lapangan ini dijuluki sebagai lapangan terluas di Jawa Tengah.  Terletak sekitar 20 menit dari Simpang Lima tepatnya di Jln. Gombel Lama No. 90, Semarang, Jawa Tengah, lapangan golf Gombel menawarkan nuansa alami berpadu dengan kontur lapangan bergelombang yang menjadi tantangan tersendiri bagi para golfer. Hadirnya clubhouse dengan pemandangan lapangan dari ketinggian serta Gunung Ungaran di kejauhan membuat golfer betah berlama-lama di tempat ini. ",penikmat olahraga golf di jawa tengah pasti sudah mengenal lapangan gombel golf semarang lapangan golf yang terletak di perbukitan gombel ini merupakan salah satu lapangan bertaraf internasional yang dimiliki jawa tengah dengan luas yang mencapai hektar membuat lapangan ini dijuluki sebagai lapangan terluas di jawa tengah terletak sekitar menit dari simpang lima tepatnya di jln gombel lama no semarang jawa tengah lapangan golf gombel menawarkan nuansa alami berpadu dengan kontur lapangan bergelombang yang menjadi tantangan tersendiri bagi para golfer hadirnya clubhouse dengan pemandangan lapangan dari ketinggian serta gunung ungaran di kejauhan membuat golfer betah berlama lama di tempat ini ,https://visitjawatengah.jatengprov.go.id/id/regency/kota-semarang/destinasi-wisata/gombel-golf-semarang
6,Waduk Jatibarang ,"Waduk Jatibarang didesain untuk mengatasi banjir di Kota Semarang. Pembangunan waduk Jatibarang di Semarang didasari oleh bencana banjir besar yang melanda kota Semarang pada tahun 1973, 1988, 1990, dan 1993. Waduk (bendungan air) yang terletak di Kelurahan Kandri Kecamatan Gunungpati Semarang ini memiliki luas area perairan seluas 189 hektare. Dengan airnya yang jernih pengunjung bisa menjelajahi danau raksasa ini dengan naik perahu. yang dapat disewa mengelilingi waduk dengan panorama alam perbukitan ini.    Sumber Foto : https://zonasultra.com/waduk-jatibarang-jelajah-bendungan-yang-seru-di-semarang.html",waduk jatibarang didesain untuk mengatasi banjir di kota semarang pembangunan waduk jatibarang di semarang didasari oleh bencana banjir besar yang melanda kota semarang pada tahun dan waduk bendungan air yang terletak di kelurahan kandri kecamatan gunungpati semarang ini memiliki luas area perairan seluas hektare dengan airnya yang jernih pengunjung bisa menjelajahi danau raksasa ini dengan naik perahu yang dapat disewa mengelilingi waduk dengan panorama alam perbukitan ini sumber foto ,https://visitjawatengah.jatengprov.go.id/id/regency/kota-semarang/destinasi-wisata/waduk-jatibarang
1,Spot Kuliner Suasana Desa Di Kota Semarang? ,"Datang aja ke @kampungjawi di Sukorejo, Gunung Pati. Tempat makan dengan bangunan dan meja dari bambu dan kayu. Aneka kuliner tradisional ada di sini. Transaksinya menggunakan 'kepeng'. 1 kepeng = Rp 3000. Harga makanan & minuman antara 1-4 kepeng. Oh ya, Kampung Jawi buka setiap hari mulai pukul 5 sore ya.",datang aja ke di sukorejo gunung pati tempat makan dengan bangunan dan meja dari bambu dan kayu aneka kuliner tradisional ada di sini transaksinya menggunakan kepeng kepeng rp harga makanan minuman antara kepeng oh ya kampung jawi buka setiap hari mulai pukul sore ya ,https://visitjawatengah.jatengprov.go.id/id/regency/kabupaten-semarang/kuliner/spot-kuliner-suasana-desa-di-kota-semarang
2,"Tahu Oom Shin : Lezat, Praktis, Ekonomis ","Camilan musim hujan? Bikin tahu goreng yuk. Tahu-nya ya tahu Serasi Oom Shin khas Bandungan . Ada varian tahu kuning dan tahu putih dengan harga ekonomis. Praktis tinggal goreng. Jangan lupa cabe rawit atau cocolan sambal. Mantap. Tertarik mencoba? Kepoin instragramnya @tahuserasi_oomshin!

  Kuy, follow @pesona_kabsemarang. Banyak info wisata menarik lho.
 ",camilan musim hujan bikin tahu goreng yuk tahu nya ya tahu serasi oom shin khas bandungan ada varian tahu kuning dan tahu putih dengan harga ekonomis praktis tinggal goreng jangan lupa cabe rawit atau cocolan sambal mantap tertarik mencoba kepoin instragramnya kuy follow banyak info wisata menarik lho ,https://visitjawatengah.jatengprov.go.id/id/regency/kabupaten-semarang/kuliner/tahu-oom-shin-lezat-praktis-ekonomis
3,Gemblong Cothot ,"GEMBLONG COTHOT Hayooo...siapa yang baru pertama kali dengar nama 'Gemblog Cothot'?Kudapan ini terbuat dari singkong, ada gula pasir lumer di dalamnya. Makanan khas Bandungan, Kabupaten Semarang ini sangat enak dimakan saat masih panas. Sekali gigit, gula akan meleleh di mulut. 

",gemblong cothot hayooo siapa yang baru pertama kali dengar nama gemblog cothot kudapan ini terbuat dari singkong ada gula pasir lumer di dalamnya makanan khas bandungan kabupaten semarang ini sangat enak dimakan saat masih panas sekali gigit gula akan meleleh di mulut ,https://visitjawatengah.jatengprov.go.id/id/regency/kabupaten-semarang/kuliner/gemblong-cothot
4,Kopi Sepakung ,"PECINTA KOPI, MARI MERAPAT Ke Sepakung cuma foto - foto aja? Jangan sampai melewatkan nikmatnya Kopi Sepakung ya ! Varian Arabika dan Robusta yang khas dan mantap, sangat cocok menghangatkan suasana. Kamu pecinta kopi? Di sini yang kamu cari. Monggo ",pecinta kopi mari merapat ke sepakung cuma foto foto aja jangan sampai melewatkan nikmatnya kopi sepakung ya varian arabika dan robusta yang khas dan mantap sangat cocok menghangatkan suasana kamu pecinta kopi di sini yang kamu cari monggo ,https://visitjawatengah.jatengprov.go.id/id/regency/kabupaten-semarang/kuliner/kopi-sepakung
5,Pecel Keong  ,"PECEL KEONG, PERPADUAN RASA YANG ISTIMEWA Apakah Sobat pernah mencicip pecel keong? Sensasi pedas, manis, dan segar dari perpaduan rica keong, mie, dan sayuran serta bumbu kacang bakal bikin ketagihan! Bagi yang penasaran, boleh mampir ke Banyubiru, Kabupaten Semarang. ???? Warung Makan Mbak Toen, Banyubiru",pecel keong perpaduan rasa yang istimewa apakah sobat pernah mencicip pecel keong sensasi pedas manis dan segar dari perpaduan rica keong mie dan sayuran serta bumbu kacang bakal bikin ketagihan bagi yang penasaran boleh mampir ke banyubiru kabupaten semarang warung makan mbak toen banyubiru,https://visitjawatengah.jatengprov.go.id/id/regency/kabupaten-semarang/kuliner/pecel-keong
6,Pecel Mbok Kami ,"Pecel adalah makanan tradisional Jawa terdiri dari berbagai macam sayuran, mie goreng, dan saus kacang disajikan dengan nasi. Salah satu yang terkenal di Ambarawa ialah Pecel Mbok Kami yang terletak tepat di depan Terminal Ambarawa.    Sumber Foto : https://www.instagram.com/foodbuddies.id/",pecel adalah makanan tradisional jawa terdiri dari berbagai macam sayuran mie goreng dan saus kacang disajikan dengan nasi salah satu yang terkenal di ambarawa ialah pecel mbok kami yang terletak tepat di depan terminal ambarawa sumber foto ,https://visitjawatengah.jatengprov.go.id/id/regency/kabupaten-semarang/kuliner/pecel-mbok-kami
7,Serabi Ngampin Ambarawa ,"Serabi Ngampin Ambarawa ini sedikit berbeda dari serabi umumnya. Jika rasa serabi cenderung manis, maka serabi Ngampin memiliki rasa yang cenderung gurih. Rasa manis berasal dari kuah atau juruh yang disiramkan di atas serbai. Juruh terbuat dari cairan santan dan gula jawa yang dicairkan. Perpaduan gurih dan manis inilah yang membuat cita rasa Serabi Ngampin menjadi spesial. ",serabi ngampin ambarawa ini sedikit berbeda dari serabi umumnya jika rasa serabi cenderung manis maka serabi ngampin memiliki rasa yang cenderung gurih rasa manis berasal dari kuah atau juruh yang disiramkan di atas serbai juruh terbuat dari cairan santan dan gula jawa yang dicairkan perpaduan gurih dan manis inilah yang membuat cita rasa serabi ngampin menjadi spesial ,https://visitjawatengah.jatengprov.go.id/id/regency/kabupaten-semarang/kuliner/serabi-ngampin-ambarawa
8,Sate Sapi Pak Kempleng ,"Sate Sapi Pak Kempleng terletak di Jl. Diponegoro No. 274, Ungaran. Nama Pak Kempleng telah dikenal sejak tahun 1960-an. Pembeli dapat memilih beragam isian sate , seperti daging, paru, babat, ati, ginjal, dan iso. Satu porsi berisi 10 tusuk sate. ",sate sapi pak kempleng terletak di jl diponegoro no ungaran nama pak kempleng telah dikenal sejak tahun an pembeli dapat memilih beragam isian sate seperti daging paru babat ati ginjal dan iso satu porsi berisi tusuk sate ,https://visitjawatengah.jatengprov.go.id/id/regency/kabupaten-semarang/kuliner/sate-sapi-pak-kempleng
9,Tahu Serasi ,"Tahu Serasi merupakan tahu khas dari daerah Bandungan, Ambarawa. Daerah ini dikenal sebagai sentra produksi tahu. Tahu serasi berwarna putih dan padat dengan rasa enak dan gurih. Sebelum dinikmati, tahu serasi digoreng terlebih dahulu. Satu bungkus tahu serasi dibandrol dengan harga yang sangat terjangkau. Tahu serasi dapat di beli di kawasan wisata Bandungan dan beberapa supermarket modern di Semarang dan sekitarnya.    Sumber Foto : https://kabsemarangtourism.com/?p=108",tahu serasi merupakan tahu khas dari daerah bandungan ambarawa daerah ini dikenal sebagai sentra produksi tahu tahu serasi berwarna putih dan padat dengan rasa enak dan gurih sebelum dinikmati tahu serasi digoreng terlebih dahulu satu bungkus tahu serasi dibandrol dengan harga yang sangat terjangkau tahu serasi dapat di beli di kawasan wisata bandungan dan beberapa supermarket modern di semarang dan sekitarnya sumber foto ,https://visitjawatengah.jatengprov.go.id/id/regency/kabupaten-semarang/kuliner/tahu-serasi
10,Tahu Bakso Bu Pudji ,"Tahu Bakso adalah kudapan tahu yang diisi dengan bakso dengan cita rasa gurih dan asin. Tahu Baxo Bu Pudji mulai diproduksi tahun 1995 dan menjadi salah satu oleh-oleh pilihan wisatawan yang datang berkunjung ke Semarang dan sekitarnya. Saat ini, Tahu Baxo Bu Pudji telah membuka 3 outlet, yaitu : Outlet 1 | buka : 08.00   21.00
Jl. Diponegoro Mijen Ungaran Timur
Telp : 024-76914420 Outlet 2 | buka : 08.00   21.00
Jl. Raya Semarang   Bawen Km.24 Babadan Ungaran
Telp : 0851 0033 1711 Outlet 3 | buka : 07.00-21.00
Jl. Pamularsih No. 15 Semarang Barat
Telp : 0822 4247 5758",tahu bakso adalah kudapan tahu yang diisi dengan bakso dengan cita rasa gurih dan asin tahu baxo bu pudji mulai diproduksi tahun dan menjadi salah satu oleh oleh pilihan wisatawan yang datang berkunjung ke semarang dan sekitarnya saat ini tahu baxo bu pudji telah membuka outlet yaitu outlet buka jl diponegoro mijen ungaran timur telp outlet buka jl raya semarang bawen km babadan ungaran telp outlet buka jl pamularsih no semarang barat telp ,https://visitjawatengah.jatengprov.go.id/id/regency/kabupaten-semarang/kuliner/tahu-bakso-bu-pudji
1,Lontong Cap Go Meh ,"LONTONG CAP GO MEH, OPOR KHAS IMLEK Masyarakat Tionghoa di Semarang punya menu istimewa pada hari ke-15 hari setelah perayaan imlek. Lontong Cap Go Meh, namanya. Sekilas, lontong Cap Go Meh menyerupai opor karena merupakan hidangan adaptasi peranakan Tionghoa Indonesia dengan masakan Jawa. Satu piring lontong Cap Go Meh terdapat irisan lontong dan bemacam-macam sayur dan lauk, seperti lodeh, sambal goreng, telur pindang, ayam suir, dll. Wah, porsi mantap dengan rasa sedap.",lontong cap go meh opor khas imlek masyarakat tionghoa di semarang punya menu istimewa pada hari ke hari setelah perayaan imlek lontong cap go meh namanya sekilas lontong cap go meh menyerupai opor karena merupakan hidangan adaptasi peranakan tionghoa indonesia dengan masakan jawa satu piring lontong cap go meh terdapat irisan lontong dan bemacam macam sayur dan lauk seperti lodeh sambal goreng telur pindang ayam suir dll wah porsi mantap dengan rasa sedap ,https://visitjawatengah.jatengprov.go.id/id/regency/kota-semarang/kuliner/lontong-cap-go-meh
2,Bandeng Presto ,"Olahan ikan bandeng yang dimasak dengan cara presto, sehingga duri ikan bandeng menjadi lunak. Tempat penjualan bandeng presto juga menyediakan beragam olahan lainnya, seperti pepes, otak-otak, panggang, hingga kremes. Bandeng Presto dapat diperoleh di pusat oleh-oleh di sepanjang Jalan Pandanaran Semarang.",olahan ikan bandeng yang dimasak dengan cara presto sehingga duri ikan bandeng menjadi lunak tempat penjualan bandeng presto juga menyediakan beragam olahan lainnya seperti pepes otak otak panggang hingga kremes bandeng presto dapat diperoleh di pusat oleh oleh di sepanjang jalan pandanaran semarang ,https://visitjawatengah.jatengprov.go.id/id/regency/kota-semarang/kuliner/bandeng-presto
3,Wingko Babat ,"Wingko Babat terbuat dari bahan kelapa dan beras ketan serta memiliki berbagai varian rasa sepert durian, coklat, nangka, pandan, dll. Wingko Babat tersedia dalam berbagai merek dan dapat diperoleh di Pusat Oleh-oleh Jalan Pandanaran, Stasiun Tawang, Stasiun Poncol dan pusat penjualan Wingko Babat di Jalan Cendrawasih No.14, Kawasan Kota Lama - Semarang.",wingko babat terbuat dari bahan kelapa dan beras ketan serta memiliki berbagai varian rasa sepert durian coklat nangka pandan dll wingko babat tersedia dalam berbagai merek dan dapat diperoleh di pusat oleh oleh jalan pandanaran stasiun tawang stasiun poncol dan pusat penjualan wingko babat di jalan cendrawasih no kawasan kota lama semarang ,https://visitjawatengah.jatengprov.go.id/id/regency/kota-semarang/kuliner/wingko-babat
4,Ganjel Rel ,"Roti manis berwarna cokelat yang diolah dengan bahan baku rempah-rempah, seperti cengkih, gula aren, kayu manis dan kembang lawang. Pada umumnya Ganjel Rel berbentuk balok dan bertabur wijen di atasnya. Keunikan lainnya ialah teksturnya yang tidak lembut sehingga agak alot, namun tetap nikmat. Dinamakan Ganjel Rel karena bentuknya yang besar. ",roti manis berwarna cokelat yang diolah dengan bahan baku rempah rempah seperti cengkih gula aren kayu manis dan kembang lawang pada umumnya ganjel rel berbentuk balok dan bertabur wijen di atasnya keunikan lainnya ialah teksturnya yang tidak lembut sehingga agak alot namun tetap nikmat dinamakan ganjel rel karena bentuknya yang besar ,https://visitjawatengah.jatengprov.go.id/id/regency/kota-semarang/kuliner/ganjel-rel
5,Mi Kopyok ,"adalah jenis makanan yang biasanya dijual di pagi hari. Ini terdiri dari mie, tauge, remah kerupuk dan disajikan saus dengan campuran bawang putih, ditaburi seledri, goreng onionsand, kecap manis. Meskipun hidangan ini dapat dibuat dengan mudah, orang suka membelinya di salah satu vendor terkenal. Salah satu th terbaik Mie Kopyok di Semarang dapat ditemukan di Pak Dhuwur warung di Jl. Tanjung yang terletak di depan gedung PLN",adalah jenis makanan yang biasanya dijual di pagi hari ini terdiri dari mie tauge remah kerupuk dan disajikan saus dengan campuran bawang putih ditaburi seledri goreng onionsand kecap manis meskipun hidangan ini dapat dibuat dengan mudah orang suka membelinya di salah satu vendor terkenal salah satu th terbaik mie kopyok di semarang dapat ditemukan di pak dhuwur warung di jl tanjung yang terletak di depan gedung pln,https://visitjawatengah.jatengprov.go.id/id/regency/kota-semarang/kuliner/mi-kopyok
6,Tahu Gimbal ,"Racikan tahu gimbal terdiri dari potongan tahu goreng, lontong, tauge, telur ceplok, rajangan kubis mentah dan gimbal. Gimbal adalah bakwan udang. Kemudian, campuran bahan itu diguyur saus kacang petis udang. Tahu Gimbal banyak ditemui di daerah Taman Indonesia Kaya, daerah Menteri Supeno dan daerah Simpanglima.",racikan tahu gimbal terdiri dari potongan tahu goreng lontong tauge telur ceplok rajangan kubis mentah dan gimbal gimbal adalah bakwan udang kemudian campuran bahan itu diguyur saus kacang petis udang tahu gimbal banyak ditemui di daerah taman indonesia kaya daerah menteri supeno dan daerah simpanglima ,https://visitjawatengah.jatengprov.go.id/id/regency/kota-semarang/kuliner/tahu-gimbal
7,Lumpia ,"Kudapan yang terbuat dari rebung dibungkus dengan lembaran tepung. Selain rebung, juga diisi dengan telur ayam dan udang. Lumpia dapat disajikan dengan digoreng terlebih dulu atau tanpa digoreng.  Oleh-oleh khas yang hanya bertahan 1 hari, biasa disajikan dengan saos. Penganan ini dapat dibeli di Jl. Mataram, Jl. Gajah Mada, Jl. Pandanaran dan Jl. Pemuda.  ",kudapan yang terbuat dari rebung dibungkus dengan lembaran tepung selain rebung juga diisi dengan telur ayam dan udang lumpia dapat disajikan dengan digoreng terlebih dulu atau tanpa digoreng oleh oleh khas yang hanya bertahan hari biasa disajikan dengan saos penganan ini dapat dibeli di jl mataram jl gajah mada jl pandanaran dan jl pemuda ,https://visitjawatengah.jatengprov.go.id/id/regency/kota-semarang/kuliner/lumpia
8,Wedang Tahu ,"Wedang Tahu adalah sejenis minuman yang beraroma jahe dan berisi sari tahu. Minuman khas yang bisa menghangatkan tubuh ini bisa diperoleh keliling kampung-kampung, Waroeng Semawis dan di sekitar toko Roti Swiss Jl. Setiabudi, Kota Semarang.",wedang tahu adalah sejenis minuman yang beraroma jahe dan berisi sari tahu minuman khas yang bisa menghangatkan tubuh ini bisa diperoleh keliling kampung kampung waroeng semawis dan di sekitar toko roti swiss jl setiabudi kota semarang ,https://visitjawatengah.jatengprov.go.id/id/regency/kota-semarang/kuliner/wedang-tahu
9,Tahu Petis ,"Tahu Petis, makanan khas Kota Semarang terbuat dari tahu pong yang digoreng kering dan renyah yag diisi dengan petis udang yang telah diracik dengan bumbu special sehingga beraroma harum, gurih dan manis.",tahu petis makanan khas kota semarang terbuat dari tahu pong yang digoreng kering dan renyah yag diisi dengan petis udang yang telah diracik dengan bumbu special sehingga beraroma harum gurih dan manis ,https://visitjawatengah.jatengprov.go.id/id/regency/kota-semarang/kuliner/tahu-petis
