Terms,docFreq,postList
abad,4,"[29, 47, 44, 2]"
abdul,2,"[48, 46]"
acara,3,"[30, 65, 30]"
ada,16,"[14, 28, 70, 69, 68, 11, 36, 10, 63, 56, 35, 6, 35, 54, 57, 4]"
adalah,20,"[41, 33, 30, 38, 37, 35, 73, 57, 85, 15, 65, 83, 58, 82, 27, 45, 47, 18, 44, 77]"
adaptasi,1,[78]
adat,2,"[58, 58]"
adrenalin,2,"[9, 17]"
advanture,1,[34]
agak,1,[81]
agama,2,"[1, 48]"
agendakan,1,[7]
agro,2,"[18, 32]"
agung,4,"[49, 40, 49, 64]"
air,24,"[13, 3, 23, 60, 21, 16, 31, 17, 24, 21, 67, 19, 17, 19, 13, 5, 37, 30, 50, 58, 30, 13, 38, 13]"
airnya,2,"[17, 67]"
aja,3,"[4, 68, 71]"
ajak,1,[13]
akan,8,"[17, 40, 14, 34, 23, 70, 21, 35]"
akar,1,[59]
akhir,5,"[60, 59, 34, 9, 33]"
akhirnya,1,[48]
akibat,1,[48]
akomodasi,1,[27]
akses,2,"[61, 13]"
aksesoris,1,[50]
aksi,1,[57]
aktivitas,3,"[42, 61, 28]"
ala,1,[9]
alam,10,"[30, 42, 30, 33, 67, 16, 31, 30, 0, 64]"
alami,5,"[66, 34, 16, 47, 30]"
alas,1,[14]
alot,1,[81]
alter,1,[44]
alternatif,1,[30]
aman,1,[27]
ambarawa,16,"[12, 26, 12, 26, 26, 26, 73, 20, 74, 30, 22, 12, 73, 76, 20, 20]"
an,2,"[75, 52]"
anak,16,"[56, 61, 61, 36, 54, 36, 27, 27, 23, 18, 9, 5, 17, 24, 23, 54]"
and,2,"[34, 18]"
anda,21,"[63, 63, 63, 21, 61, 46, 45, 52, 16, 56, 56, 31, 16, 29, 21, 59, 59, 59, 59, 59, 29]"
aneka,5,"[16, 32, 27, 5, 68]"
anggun,1,[44]
angin,2,"[53, 15]"
angklung,1,[16]
angkutan,1,[58]
anna,1,[55]
antar,1,[29]
antara,8,"[68, 18, 16, 60, 59, 54, 45, 43]"
antaranya,1,[15]
antik,3,"[33, 35, 62]"
apa,2,"[4, 3]"
apakah,1,[72]
api,3,"[20, 62, 20]"
arab,2,"[45, 48]"
arabika,1,[71]
arang,1,[48]
area,9,"[30, 36, 31, 22, 47, 24, 67, 59, 29]"
aren,3,"[16, 81, 37]"
arena,1,[23]
argo,4,"[17, 17, 17, 17]"
aristokrat,1,[44]
arkeologi,1,[46]
arsitek,3,"[62, 55, 62]"
arsitekstunya,1,[35]
arsitektur,11,"[49, 48, 44, 47, 44, 44, 44, 50, 35, 59, 26]"
art,2,"[59, 62]"
artinya,1,[29]
asalnya,1,[15]
asia,1,[47]
asin,1,[77]
asisten,1,[48]
asli,3,"[47, 7, 15]"
asmaul,1,[49]
aspal,1,[27]
asri,1,[56]
assumpta,1,[12]
asuransi,1,[59]
asyik,1,[11]
at,1,[51]
atap,5,"[44, 2, 49, 48, 47]"
atas,5,"[21, 6, 20, 44, 74]"
atasnya,1,[81]
atau,19,"[64, 10, 3, 62, 25, 21, 42, 28, 54, 57, 58, 84, 58, 37, 43, 74, 69, 48, 58]"
ati,1,[75]
atraksi,2,"[16, 16]"
atv,4,"[28, 34, 10, 24]"
avalokitesvara,1,[50]
awal,2,"[53, 1]"
awalnya,2,"[52, 44]"
ayam,3,"[78, 63, 84]"
ayo,2,"[14, 5]"
ayoo,1,[5]
ayunan,1,[14]
babadan,1,[77]
babat,4,"[80, 80, 75, 80]"
bag,1,[10]
bagai,1,[34]
bagaikan,1,[19]
bagaimana,2,"[10, 40]"
bagi,12,"[59, 36, 66, 72, 27, 22, 36, 27, 28, 56, 31, 58]"
bagian,7,"[2, 48, 22, 49, 21, 57, 2]"
bahan,4,"[81, 16, 80, 83]"
bahasa,3,"[62, 29, 19]"
bahkan,1,[12]
baik,3,"[52, 21, 47]"
bakal,2,"[7, 72]"
bakau,1,[53]
bakso,3,"[77, 77, 63]"
baku,1,[81]
bakwan,1,[83]
baladewa,1,[37]
balemong,2,"[35, 35]"
bali,1,[40]
balok,1,[81]
bambu,3,"[16, 21, 68]"
ban,1,[10]
banaran,4,"[18, 18, 18, 18]"
bandeng,4,"[79, 79, 79, 79]"
bandungan,9,"[7, 69, 76, 28, 34, 70, 28, 15, 76]"
banget,1,[9]
bangsa,1,[26]
bangunan,16,"[47, 52, 49, 44, 44, 52, 27, 62, 20, 26, 29, 50, 68, 33, 50, 62]"
banjir,2,"[67, 67]"
bank,1,[59]
bantalan,1,[10]
bantuan,4,"[48, 57, 57, 57]"
banyak,13,"[83, 4, 62, 28, 11, 28, 11, 22, 69, 34, 47, 36, 59]"
banyu,1,[30]
banyubiru,5,"[72, 2, 14, 25, 72]"
banyukuning,1,[15]
barang,2,"[26, 35]"
barat,3,"[77, 17, 3]"
bareng,2,"[9, 5]"
barong,1,[41]
barouque,1,[44]
baru,5,"[39, 14, 13, 70, 45]"
basah,1,[6]
basahan,1,[6]
batu,4,"[55, 47, 44, 54]"
batur,2,"[10, 10]"
bawah,4,"[62, 57, 44, 24]"
bawang,1,[82]
bawen,5,"[18, 18, 32, 9, 77]"
baxo,2,"[77, 77]"
bebatuan,1,[16]
beberapa,12,"[45, 23, 9, 16, 18, 76, 47, 59, 57, 56, 54, 61]"
becak,1,[60]
beda,1,[21]
begitu,2,"[2, 50]"
belanda,8,"[62, 55, 20, 41, 52, 57, 62, 59]"
beli,1,[76]
beliau,1,[1]
bemacam,1,[78]
benang,2,"[19, 19]"
bencana,1,[67]
benda,4,"[38, 51, 38, 51]"
bendungan,1,[67]
benggala,1,[54]
benih,1,[32]
bentang,1,[16]
bentuk,2,"[26, 44]"
bentuknya,1,[81]
berada,11,"[14, 61, 27, 5, 53, 38, 15, 65, 40, 39, 34]"
beragam,7,"[60, 16, 75, 79, 63, 15, 52]"
berani,1,[42]
beraroma,2,"[85, 86]"
berarsitektur,1,[62]
berarti,4,"[29, 64, 62, 62]"
beras,1,[80]
berasal,4,"[64, 37, 74, 29]"
berbagai,10,"[80, 56, 27, 28, 26, 1, 24, 73, 80, 36]"
berbalut,1,[33]
berbasis,1,[1]
berbau,1,[17]
berbeda,5,"[21, 47, 74, 44, 23]"
berbentuk,4,"[57, 49, 44, 81]"
berbulan,1,[55]
bercat,1,[56]
bercocok,1,[16]
berdakwah,1,[1]
berdasarkan,1,[2]
berdekatan,1,[37]
berdiri,2,"[50, 51]"
berdirinya,1,[1]
berdoa,2,"[8, 22]"
berenang,1,[5]
berfoto,5,"[14, 56, 45, 56, 3]"
berfungsi,2,"[47, 40]"
bergaya,2,"[59, 44]"
bergelombang,1,[66]
beribadah,1,[39]
berisi,2,"[85, 75]"
berjalan,1,[59]
berjarak,3,"[60, 30, 25]"
berjauhan,1,[29]
berjuang,1,[26]
berkaitan,1,[51]
berkeliling,2,"[61, 43]"
berkelok,1,[27]
berkemah,3,"[29, 56, 0]"
berkesenian,1,[40]
berkonsep,1,[34]
berkunjung,4,"[43, 30, 77, 40]"
berlama,2,"[25, 66]"
berlapis,2,"[47, 48]"
berliku,1,[21]
berlokasi,3,"[19, 55, 28]"
bermain,4,"[42, 13, 9, 18]"
bermotor,2,"[53, 13]"
bernama,2,"[36, 26]"
bernuansa,1,[32]
berolahraga,1,[28]
berpadu,1,[66]
berpusat,1,[18]
bersama,7,"[7, 60, 1, 61, 10, 3, 33]"
bersandar,1,[14]
bersantai,1,[10]
bersejarah,1,[59]
berselera,1,[5]
bersumber,1,[17]
bertabur,1,[81]
bertahan,1,[84]
bertaraf,1,[66]
berubah,1,[52]
berukuran,1,[59]
berupa,5,"[62, 55, 17, 30, 65]"
berusia,1,[59]
berwarna,2,"[76, 81]"
berwisata,1,[59]
berwujud,1,[57]
berziarah,1,[8]
besar,5,"[48, 67, 9, 59, 81]"
besarnya,1,[6]
besi,1,[14]
betah,3,"[25, 66, 7]"
beternak,1,[16]
beton,1,[55]
biasa,4,"[43, 25, 25, 84]"
biasanya,2,"[82, 58]"
biaya,1,[36]
bibit,1,[32]
bidadari,1,[21]
bikin,4,"[5, 69, 7, 72]"
billiard,1,[24]
bin,1,[41]
bintoro,1,[1]
biru,1,[30]
bisa,26,"[7, 6, 28, 13, 13, 27, 0, 56, 27, 85, 46, 11, 67, 9, 10, 13, 10, 29, 6, 54, 5, 85, 42, 5, 6, 4]"
blanten,1,[17]
blauwboer,1,[55]
blenduk,2,"[59, 44]"
blume,1,[48]
boleh,1,[72]
bolodewo,3,"[37, 37, 37]"
bond,1,[28]
bonjol,1,[57]
boom,1,[54]
brawijaya,2,"[2, 2]"
brigde,1,[34]
bu,2,"[77, 77]"
buah,6,"[46, 24, 32, 32, 32, 43]"
buahan,1,[43]
buat,1,[4]
buatan,1,[27]
bubakan,1,[38]
budaya,7,"[30, 26, 47, 46, 16, 65, 59]"
buka,9,"[51, 36, 77, 77, 77, 68, 17, 17, 17]"
bukan,1,[43]
bukit,3,"[25, 25, 27]"
bulan,2,"[55, 30]"
bumbu,2,"[86, 72]"
bumbung,1,[16]
bunda,2,"[12, 22]"
bundaran,1,[38]
bunga,5,"[15, 15, 15, 15, 15]"
bungkus,1,[76]
bupati,1,[48]
buruan,1,[1]
burung,1,[56]
bus,2,"[46, 46]"
butterfly,1,[28]
cabe,1,[69]
caf,1,[28]
cagar,1,[59]
cairan,1,[74]
camilan,1,[69]
campuran,3,"[49, 83, 82]"
candi,14,"[2, 29, 2, 29, 15, 29, 11, 2, 2, 29, 2, 29, 2, 29]"
cantiknya,1,[21]
cap,4,"[78, 78, 78, 78]"
caping,2,"[42, 16]"
car,1,[59]
cara,1,[79]
cari,5,"[71, 4, 4, 9, 13]"
catur,2,"[6, 6]"
caving,1,[10]
celosia,3,"[15, 15, 15]"
cenderung,4,"[47, 74, 34, 74]"
cendrawasih,2,"[80, 38]"
cengkih,1,[81]
center,1,[24]
ceplok,1,[83]
cheng,3,"[47, 47, 47]"
chocomory,1,[36]
cimory,2,"[36, 36]"
cina,4,"[47, 47, 47, 47]"
cinta,2,"[25, 25]"
ciri,1,[44]
cita,2,"[77, 74]"
clubhouse,1,[66]
cm,4,"[23, 17, 23, 17]"
cobain,3,"[6, 7, 5]"
cocok,9,"[54, 27, 24, 27, 71, 61, 31, 28, 31]"
cocolan,1,[69]
coffee,1,[18]
cokelat,6,"[81, 36, 36, 36, 36, 36]"
coklat,1,[80]
cokrodipuro,1,[48]
com,1,[54]
convention,2,"[28, 18]"
corner,1,[36]
cothot,2,"[70, 70]"
court,1,[18]
cukup,10,"[29, 29, 8, 28, 55, 53, 17, 25, 21, 17]"
cuma,3,"[71, 11, 7]"
curam,1,[19]
curug,12,"[13, 16, 13, 13, 21, 21, 37, 21, 19, 37, 19, 37]"
cuss,1,[0]
daerah,11,"[37, 58, 76, 83, 76, 83, 1, 58, 83, 47, 47]"
daging,1,[75]
dahulu,2,"[28, 76]"
dalam,11,"[49, 57, 57, 49, 26, 38, 62, 19, 41, 80, 62]"
dalamnya,1,[70]
dan,172,"[17, 38, 48, 58, 32, 59, 62, 28, 37, 62, 30, 41, 24, 83, 83, 57, 57, 84, 23, 69, 47, 62, 23, 56, 64, 39, 59, 20, 23, 62, 20, 47, 26, 59, 43, 42, 17, 25, 28, 49, 65, 56, 24, 28, 57, 38, 27, 18, 65, 65, 58, 29, 24, 27, 58, 21, 41, 86, 31, 27, 18, 63, 67, 27, 60, 65, 59, 27, 31, 51, 24, 41, 29, 40, 18, 28, 61, 47, 65, 50, 24, 22, 17, 59, 68, 50, 30, 63, 21, 68, 2, 47, 27, 27, 85, 32, 85, 17, 4, 55, 43, 46, 47, 84, 45, 16, 14, 35, 74, 74, 54, 44, 16, 47, 0, 36, 86, 71, 36, 80, 81, 33, 45, 72, 72, 36, 81, 16, 54, 80, 33, 71, 73, 80, 5, 35, 36, 15, 16, 34, 35, 44, 77, 77, 12, 10, 43, 5, 35, 46, 35, 16, 13, 54, 34, 76, 54, 76, 76, 47, 77, 10, 54, 14, 52, 78, 78, 82, 76, 75, 47, 34]"
danau,1,[67]
danuwo,1,[5]
dapat,46,"[59, 63, 59, 84, 67, 63, 18, 29, 59, 82, 38, 44, 33, 75, 37, 26, 16, 39, 36, 61, 84, 36, 79, 22, 20, 60, 58, 33, 76, 80, 63, 43, 63, 43, 56, 36, 4, 16, 52, 82, 53, 32, 35, 53, 45, 43]"
daratan,1,[47]
dari,67,"[15, 9, 83, 27, 17, 33, 48, 41, 32, 1, 50, 17, 86, 58, 26, 73, 44, 21, 47, 6, 52, 64, 19, 58, 45, 82, 46, 74, 47, 50, 37, 12, 20, 27, 80, 84, 29, 66, 30, 56, 60, 53, 68, 24, 44, 36, 38, 28, 7, 76, 8, 30, 70, 74, 57, 61, 46, 37, 72, 25, 34, 74, 11, 23, 66, 29, 29]"
datang,6,"[16, 15, 4, 68, 5, 77]"
dataran,1,[34]
daya,3,"[64, 62, 5]"
de,2,"[44, 59]"
deco,1,[62]
deh,2,"[7, 6]"
dekat,2,"[47, 20]"
dekoratif,1,[59]
demak,2,"[1, 64]"
demikian,2,"[21, 29]"
dengan,88,"[23, 34, 13, 53, 66, 44, 64, 23, 20, 77, 77, 58, 82, 47, 84, 66, 31, 24, 86, 47, 47, 69, 21, 49, 86, 54, 10, 30, 44, 13, 78, 26, 22, 17, 43, 32, 76, 28, 14, 35, 78, 62, 58, 49, 13, 76, 21, 13, 84, 23, 79, 26, 0, 27, 48, 17, 60, 81, 84, 50, 82, 2, 55, 73, 46, 28, 59, 67, 44, 50, 45, 59, 67, 44, 15, 37, 67, 51, 32, 68, 44, 31, 84, 33, 60, 33, 66, 36]"
dengar,1,[70]
denok,1,[16]
depan,4,"[82, 49, 54, 73]"
desa,27,"[33, 19, 34, 16, 43, 16, 43, 16, 21, 2, 1, 42, 13, 37, 25, 3, 15, 20, 14, 31, 43, 30, 17, 42, 43, 1, 16]"
desain,1,[44]
destinasi,3,"[33, 60, 17]"
dewa,1,[39]
dewasa,3,"[17, 5, 23]"
dewi,2,"[39, 50]"
dhuwur,1,[82]
di,174,"[64, 63, 70, 49, 6, 34, 71, 25, 7, 25, 34, 36, 2, 83, 22, 82, 26, 55, 36, 64, 82, 27, 3, 22, 17, 80, 53, 0, 59, 25, 10, 1, 2, 47, 40, 12, 44, 85, 54, 56, 10, 6, 25, 49, 68, 76, 59, 44, 43, 51, 3, 30, 40, 32, 18, 59, 13, 76, 63, 64, 11, 78, 58, 24, 56, 27, 17, 84, 3, 63, 11, 30, 29, 49, 82, 68, 54, 13, 76, 50, 15, 47, 66, 53, 74, 14, 21, 61, 66, 19, 54, 34, 3, 46, 54, 27, 46, 66, 1, 8, 67, 27, 49, 26, 55, 52, 16, 10, 59, 45, 82, 79, 42, 9, 66, 82, 3, 1, 20, 79, 50, 57, 56, 81, 31, 66, 57, 41, 14, 66, 15, 20, 57, 33, 61, 67, 73, 60, 8, 10, 35, 65, 37, 31, 22, 58, 29, 80, 57, 82, 22, 3, 28, 38, 55, 6, 67, 57, 49, 5, 70, 39, 62, 21, 14, 56, 0, 55, 73, 30, 14, 15, 75, 47]"
diabadikan,1,[44]
diadakan,2,"[56, 30]"
diajak,1,[31]
diakses,1,[58]
diambil,1,[46]
diantara,2,"[27, 24]"
dibanderol,1,[28]
dibandrol,1,[76]
dibangun,11,"[2, 62, 47, 20, 50, 57, 48, 44, 39, 52, 22]"
dibawa,1,[50]
dibeli,2,"[35, 84]"
dibuat,1,[82]
dibungkus,1,[84]
dicairkan,1,[74]
dicampur,1,[37]
dicat,1,[47]
dicoba,1,[28]
didalamnya,1,[35]
didasari,1,[67]
didatangi,1,[64]
didatangkan,1,[15]
didesain,2,"[67, 15]"
didirikan,3,"[51, 48, 44]"
digoreng,4,"[84, 84, 76, 86]"
digowes,1,[63]
digunakan,6,"[58, 62, 29, 62, 62, 65]"
diguyur,1,[83]
dihuni,1,[47]
diinginkan,1,[25]
diisi,3,"[84, 77, 86]"
dijadikan,1,[56]
dijangkau,1,[9]
dijual,1,[82]
dijuluki,1,[66]
dijumpai,1,[16]
dikarenakan,1,[17]
dikatakan,1,[37]
dikenakan,1,[36]
dikenal,9,"[76, 46, 57, 48, 28, 1, 43, 75, 47]"
dikunjungi,2,"[34, 59]"
dilaksanakan,2,"[30, 55]"
dilakukan,3,"[55, 17, 55]"
dilalui,1,[13]
dilengkapi,8,"[60, 17, 34, 27, 33, 23, 26, 58]"
dilihat,1,[44]
dimahkotai,1,[47]
dimakamkan,1,[41]
dimakan,1,[70]
dimana,2,"[36, 54]"
dimanfaatkan,1,[30]
dimasak,1,[79]
dimiliki,1,[66]
dinamakan,3,"[19, 37, 81]"
dinasti,1,[29]
dingin,1,[34]
dinikmati,1,[76]
diolah,1,[81]
dipecahkan,1,[51]
dipengaruhi,1,[47]
diperbolehkan,2,"[14, 14]"
dipergunakan,1,[26]
diperoleh,3,"[85, 79, 80]"
dipetik,1,[32]
diponegoro,2,"[75, 77]"
diproduksi,2,"[77, 58]"
dipuro,1,[1]
diracik,1,[86]
diragukan,1,[15]
dirancang,2,"[55, 49]"
diresmikan,2,"[62, 55]"
diri,1,[8]
disajikan,4,"[82, 73, 84, 84]"
disamping,1,[30]
disana,1,[36]
disebut,2,"[19, 49]"
disediakan,2,"[23, 22]"
diselenggarakan,1,[59]
disewa,1,[67]
disinggahi,1,[2]
disini,1,[25]
disiramkan,1,[74]
disuguhi,1,[21]
disuguhkan,1,[34]
ditaburi,1,[82]
ditata,1,[38]
ditawarkan,1,[43]
ditempuh,2,"[27, 27]"
ditemui,1,[83]
ditemukan,4,"[82, 37, 2, 29]"
ditukar,1,[36]
diyakini,1,[2]
dll,5,"[9, 63, 78, 80, 56]"
doa,1,[22]
drama,1,[65]
drumblek,1,[16]
dua,3,"[63, 37, 13]"
duduk,1,[22]
duku,1,[41]
dukuh,2,"[2, 2]"
dulu,3,"[16, 3, 84]"
dunia,3,"[38, 51, 15]"
duri,1,[79]
durian,1,[80]
dusun,4,"[9, 16, 9, 17]"
eco,1,[3]
ecotour,1,[16]
edu,2,"[16, 3]"
education,2,"[34, 18]"
edukasi,6,"[54, 26, 18, 54, 7, 36]"
effiel,1,[15]
ekonomis,1,[69]
ekor,1,[64]
eksotis,1,[25]
elegan,1,[27]
elemen,3,"[59, 50, 50]"
emang,1,[4]
ember,1,[23]
embung,1,[3]
empat,6,"[23, 17, 64, 50, 49, 50]"
enak,2,"[70, 76]"
eropa,8,"[15, 44, 9, 15, 59, 44, 35, 35]"
even,2,"[62, 62]"
event,1,[18]
exit,1,[9]
family,1,[28]
farm,1,[36]
fasad,1,[45]
fasilitas,11,"[60, 27, 27, 28, 60, 18, 27, 39, 54, 58, 24]"
fauna,1,[54]
favorit,1,[23]
flora,1,[54]
flying,3,"[34, 28, 27]"
follow,8,"[2, 0, 4, 69, 3, 6, 1, 46]"
foto,15,"[51, 7, 25, 67, 25, 22, 21, 73, 76, 71, 23, 71, 36, 32, 37]"
fotografi,2,"[27, 25]"
fountain,2,"[23, 23]"
fox,3,"[27, 28, 34]"
free,1,[59]
fun,1,[24]
fungsi,2,"[20, 52]"
ga,1,[7]
gajah,4,"[49, 84, 6, 54]"
galeri,2,"[35, 33]"
gallery,1,[59]
gambyong,1,[16]
gang,1,[39]
gangsing,1,[16]
ganjel,2,"[81, 81]"
garden,1,[7]
gardening,1,[28]
gathering,1,[24]
gatot,1,[32]
gaya,4,"[44, 47, 49, 44]"
gayamsari,1,[49]
gazebo,1,[60]
gazibu,1,[27]
gedong,4,"[15, 2, 29, 4]"
gedongsongo,5,"[11, 29, 11, 11, 29]"
gedung,17,"[62, 82, 47, 59, 59, 62, 62, 62, 52, 59, 59, 59, 52, 62, 59, 59, 24]"
gedungnya,1,[59]
gemawang,1,[19]
gemblog,1,[70]
gemblong,1,[70]
gendar,1,[43]
generasi,1,[51]
gepuk,1,[16]
gereja,6,"[44, 44, 44, 44, 59, 44]"
getasan,2,"[10, 10]"
gi,1,[48]
gigit,1,[70]
gimbal,5,"[83, 83, 63, 83, 83]"
ginjal,1,[75]
giri,1,[40]
giu,1,[39]
glamping,2,"[11, 10]"
gmka,2,"[12, 12]"
go,4,"[78, 78, 78, 78]"
goa,2,"[64, 27]"
gogik,1,[31]
golf,4,"[66, 66, 66, 66]"
golfer,2,"[66, 66]"
gombel,4,"[66, 66, 66, 66]"
goreng,6,"[69, 83, 69, 73, 82, 78]"
gowes,1,[63]
gpib,1,[44]
grand,3,"[45, 58, 45]"
gratis,1,[46]
gua,11,"[12, 8, 64, 22, 22, 64, 47, 64, 8, 12, 22]"
gubernur,1,[20]
gugusan,3,"[20, 27, 25]"
gula,6,"[81, 37, 70, 70, 16, 74]"
gumuk,2,"[14, 14]"
gunung,12,"[68, 23, 35, 29, 31, 31, 1, 17, 31, 3, 24, 66]"
gunungpati,1,[67]
gurih,5,"[74, 76, 74, 77, 86]"
ha,2,"[28, 24]"
habib,3,"[41, 41, 41]"
hadir,2,"[53, 16]"
hadirnya,1,[66]
hal,2,"[44, 55]"
hall,2,"[28, 18]"
halloween,1,[11]
hamengkubuwono,1,[41]
hammock,1,[56]
hamparan,2,"[27, 30]"
hanya,8,"[46, 13, 13, 53, 17, 9, 84, 2]"
harga,6,"[69, 17, 68, 13, 76, 60]"
hari,20,"[27, 63, 84, 78, 65, 17, 82, 17, 25, 25, 63, 17, 65, 57, 36, 68, 78, 59, 51, 51]"
harimau,1,[54]
harum,1,[86]
harus,2,"[29, 21]"
hasan,5,"[1, 1, 41, 41, 41]"
hayooo,1,[70]
hektar,1,[66]
hektare,1,[67]
heran,1,[17]
heroik,1,[57]
hias,2,"[63, 63]"
hidangan,3,"[78, 27, 82]"
hidup,1,[1]
hidupnya,1,[41]
hiils,1,[33]
hijau,2,"[7, 21]"
hijaunya,1,[36]
hill,2,"[11, 11]"
hills,1,[33]
hindia,2,"[59, 57]"
hingga,9,"[11, 18, 17, 36, 51, 23, 79, 1, 17]"
ho,3,"[47, 47, 47]"
hokri,1,[39]
hortimart,3,"[32, 32, 32]"
hotel,2,"[28, 18]"
hubungi,1,[35]
hujan,1,[69]
husna,1,[49]
hutan,4,"[56, 21, 53, 56]"
ia,2,"[41, 41]"
ialah,5,"[16, 81, 73, 54, 61]"
ibadah,1,[47]
ibnu,1,[48]
ibukota,1,[47]
icip,2,"[3, 3]"
ii,1,[41]
ijuk,1,[43]
ikan,3,"[79, 79, 30]"
ikon,2,"[15, 13]"
im,1,[50]
imam,1,[57]
imlek,3,"[39, 78, 78]"
immanuel,1,[44]
in,1,[52]
indah,8,"[12, 7, 28, 16, 21, 31, 30, 35]"
indische,1,[62]
indonesia,7,"[78, 51, 46, 51, 83, 26, 12]"
indoor,1,[18]
indrokilo,2,"[3, 16]"
industri,2,"[58, 51]"
info,9,"[69, 33, 0, 1, 2, 3, 6, 24, 4]"
informasi,6,"[34, 35, 62, 16, 43, 35]"
ingat,1,[14]
ingin,7,"[43, 27, 28, 29, 16, 22, 56]"
inhouse,1,[27]
ini,76,"[19, 36, 70, 44, 51, 66, 13, 33, 33, 48, 36, 44, 5, 76, 15, 17, 17, 54, 52, 67, 47, 74, 67, 44, 14, 70, 47, 82, 84, 67, 16, 44, 43, 31, 77, 21, 49, 59, 22, 22, 30, 48, 51, 58, 82, 50, 40, 62, 20, 62, 48, 62, 85, 62, 29, 39, 37, 50, 26, 61, 27, 37, 37, 51, 38, 53, 65, 29, 21, 38, 20, 48, 46, 66, 28, 66]"
inilah,1,[74]
instagram,4,"[46, 42, 54, 54]"
instagrammable,3,"[9, 11, 11]"
instragramnya,1,[69]
instruksi,1,[20]
internasional,1,[66]
iriban,1,[16]
irisan,1,[78]
isdiman,2,"[26, 26]"
isian,1,[75]
islam,3,"[49, 1, 49]"
iso,1,[75]
istimewa,4,"[72, 27, 78, 18]"
itu,10,"[32, 59, 34, 55, 47, 53, 10, 47, 83, 51]"
iya,2,"[10, 6]"
jacob,1,[62]
jadi,1,[13]
jadilah,1,[64]
jadwal,1,[46]
jago,2,"[51, 51]"
jahe,1,[85]
jajanan,2,"[16, 63]"
jalan,17,"[27, 21, 61, 30, 3, 27, 20, 27, 49, 80, 3, 80, 79, 22, 10, 27, 26]"
jalur,1,[27]
jam,3,"[36, 25, 46]"
jamu,5,"[43, 51, 43, 51, 51]"
jangan,4,"[71, 69, 59, 2]"
jantung,1,[28]
jaran,1,[16]
jasa,2,"[26, 29]"
jasanya,1,[47]
jateng,1,[53]
jati,1,[64]
jatibarang,2,"[67, 67]"
jatuh,2,"[10, 19]"
jauh,6,"[47, 8, 56, 15, 48, 15]"
jawa,28,"[73, 46, 44, 66, 74, 66, 10, 20, 66, 19, 44, 66, 47, 58, 35, 78, 62, 49, 49, 45, 49, 35, 26, 49, 47, 47, 29, 49]"
jawabannya,1,[4]
jawabnya,1,[9]
jawi,1,[68]
jaya,2,"[51, 51]"
jelajah,1,[3]
jelang,1,[39]
jembatan,5,"[14, 14, 56, 21, 14]"
jendela,1,[59]
jenis,2,"[15, 82]"
jepang,2,"[45, 11]"
jernih,3,"[17, 67, 16]"
jika,3,"[59, 27, 74]"
jiwasraya,2,"[59, 59]"
jl,22,"[82, 35, 85, 65, 18, 32, 57, 57, 57, 84, 57, 41, 77, 77, 84, 77, 59, 75, 84, 38, 46, 84]"
jln,1,[66]
jogja,1,[20]
joglo,4,"[33, 26, 33, 33]"
johannes,1,[44]
johar,1,[48]
juga,38,"[27, 84, 59, 63, 46, 79, 23, 51, 22, 9, 24, 30, 65, 41, 10, 60, 58, 27, 65, 21, 47, 29, 58, 58, 53, 46, 15, 18, 32, 0, 43, 16, 57, 14, 36, 11, 13, 16]"
juli,1,[62]
julukan,1,[41]
jum,1,[51]
jumat,1,[17]
jumlah,2,"[62, 29]"
jump,1,[10]
jumpai,1,[10]
juni,1,[55]
juruh,2,"[74, 74]"
justitie,1,[52]
ka,1,[20]
kab,5,"[17, 3, 11, 2, 1]"
kabupaten,14,"[14, 34, 72, 6, 8, 15, 3, 70, 2, 34, 58, 0, 5, 12]"
kaca,3,"[14, 14, 14]"
kacang,4,"[72, 83, 73, 36]"
kadeso,1,[16]
kafe,2,"[35, 34]"
kak,2,"[39, 39]"
kakao,1,[18]
kaki,4,"[2, 24, 59, 14]"
kalah,1,[14]
kalangan,1,[25]
kalau,4,"[5, 6, 6, 4]"
kali,2,"[47, 70]"
kalian,1,[6]
kalijaga,3,"[64, 64, 64]"
kaliurip,4,"[13, 13, 13, 13]"
kaliwungu,1,[5]
kami,1,[73]
kamis,1,[17]
kampoeng,3,"[18, 18, 18]"
kampung,7,"[60, 11, 85, 11, 85, 68, 11]"
kamu,6,"[11, 71, 0, 71, 7, 13]"
kan,1,[11]
kanan,1,[31]
kandri,3,"[42, 67, 42]"
kangen,1,[0]
kanguru,1,[54]
kantor,1,[62]
kaos,1,[24]
karaoke,1,[24]
karena,9,"[41, 2, 59, 47, 19, 78, 43, 62, 81]"
karet,1,[18]
karya,1,[62]
kata,2,"[37, 64]"
katolik,2,"[22, 12]"
kawasan,12,"[59, 31, 63, 54, 80, 55, 51, 39, 15, 76, 59, 30]"
kaya,1,[83]
kayana,1,[0]
kayangan,1,[39]
kayu,4,"[81, 64, 68, 22]"
ke,29,"[5, 4, 72, 3, 78, 39, 36, 30, 40, 61, 71, 3, 16, 5, 13, 6, 6, 47, 6, 43, 68, 38, 14, 6, 15, 47, 59, 77, 15]"
kearah,1,[31]
keberangkatan,1,[46]
keberanian,1,[41]
kebersihannya,1,[17]
kebondowo,1,[25]
kebudayaan,1,[65]
kebun,1,[7]
kec,1,[10]
kecamatan,14,"[25, 19, 5, 22, 14, 13, 30, 8, 2, 38, 49, 12, 17, 67]"
kecap,1,[82]
keceh,3,"[5, 6, 60]"
kedai,1,[54]
kedalaman,3,"[13, 17, 23]"
kedamaian,1,[8]
kedua,1,[3]
keempat,1,[3]
kegiatan,1,[56]
kegigihannya,1,[41]
keheningan,1,[8]
keindahan,2,"[53, 15]"
kejauhan,1,[66]
keji,1,[33]
kekayaan,1,[54]
kelapa,1,[80]
keliling,2,"[46, 85]"
kelima,1,[3]
kelinci,2,"[6, 6]"
keluarga,13,"[60, 61, 9, 10, 54, 60, 24, 33, 9, 24, 5, 36, 3]"
kelurahan,2,"[22, 67]"
kembali,3,"[48, 44, 47]"
kembang,1,[81]
kembar,2,"[37, 37]"
kemiri,1,[13]
kempleng,2,"[75, 75]"
kemudian,5,"[62, 64, 38, 83, 47]"
kenang,1,[46]
kenangan,1,[57]
kenapa,1,[12]
kendaraan,4,"[58, 26, 53, 13]"
kendati,1,[55]
kental,1,[35]
kenyang,1,[5]
keong,3,"[72, 72, 72]"
kepada,1,[47]
kepala,1,[55]
kepang,1,[16]
kepenatan,1,[27]
kepeng,3,"[68, 68, 68]"
kepoin,1,[69]
kera,3,"[64, 64, 64]"
kerajinan,2,"[16, 58]"
keramaian,1,[8]
keramik,1,[50]
keren,1,[11]
kerep,4,"[22, 12, 12, 22]"
kereta,5,"[63, 62, 20, 20, 20]"
kering,1,[86]
keripik,1,[3]
kerupuk,1,[82]
kesatu,1,[3]
kesejukan,1,[23]
keseneng,1,[21]
kesenian,5,"[16, 16, 65, 65, 65]"
kesibukan,1,[27]
kesultanan,1,[1]
ketagihan,1,[72]
ketan,2,"[43, 80]"
ketiga,2,"[51, 3]"
ketika,1,[39]
ketinggian,9,"[14, 13, 6, 49, 21, 66, 34, 34, 21]"
keturunan,2,"[47, 48]"
keunikan,1,[81]
khas,19,"[35, 84, 44, 70, 86, 35, 40, 63, 69, 71, 13, 50, 78, 76, 85, 37, 27, 59, 47]"
khusus,3,"[59, 14, 36]"
kiai,1,[48]
kidcastle,1,[28]
kilometer,1,[20]
kincir,1,[15]
kingkong,1,[6]
kini,2,"[44, 1]"
kirinya,1,[31]
kisah,1,[64]
klasik,1,[44]
klenteng,9,"[47, 47, 47, 47, 39, 39, 39, 39, 47]"
klik,1,[43]
klinkhamer,1,[62]
km,7,"[61, 33, 26, 77, 58, 18, 30]"
kolam,16,"[27, 60, 34, 17, 17, 54, 23, 17, 54, 5, 17, 6, 18, 50, 17, 17]"
koleksi,4,"[26, 52, 46, 51]"
kolonial,3,"[20, 57, 52]"
komplek,2,"[62, 29]"
kompleks,1,[29]
komplit,3,"[34, 9, 43]"
komunitas,1,[59]
kondisi,1,[21]
kondisinya,1,[2]
konfigurasi,1,[44]
kong,1,[47]
konsep,2,"[54, 54]"
konservasi,1,[54]
konstruksi,1,[2]
kontur,1,[66]
kopeng,6,"[24, 10, 24, 24, 10, 10]"
kopi,9,"[16, 31, 18, 18, 18, 71, 71, 18, 71]"
kopyok,1,[82]
korban,1,[57]
korea,1,[9]
kota,41,"[46, 47, 54, 38, 63, 40, 59, 43, 41, 38, 24, 39, 20, 59, 42, 25, 58, 31, 53, 86, 55, 67, 26, 38, 58, 30, 60, 59, 56, 44, 20, 60, 38, 36, 67, 85, 59, 26, 80, 64, 55]"
kotor,2,"[42, 42]"
kremes,1,[79]
kreo,3,"[64, 64, 64]"
kripik,1,[42]
krunya,1,[47]
ktp,1,[46]
kuah,1,[74]
kuat,1,[29]
kubis,1,[83]
kuda,2,"[24, 29]"
kudapan,3,"[77, 70, 84]"
kuil,1,[47]
kuliner,8,"[63, 3, 61, 3, 43, 68, 63, 13]"
kulineran,1,[9]
kuning,1,[69]
kunjungi,9,"[18, 42, 35, 49, 27, 34, 47, 24, 54]"
kuno,4,"[20, 20, 62, 52]"
kurang,3,"[29, 30, 26]"
kuuyyyy,1,[6]
kuy,1,[69]
kwan,1,[50]
labil,1,[55]
labirin,1,[11]
lagi,5,"[4, 36, 59, 15, 28]"
lain,14,"[54, 54, 43, 43, 45, 27, 54, 59, 16, 26, 60, 43, 54, 18]"
lainnya,13,"[59, 81, 4, 3, 28, 65, 31, 10, 34, 79, 43, 65, 2]"
laksamana,1,[47]
lakukan,1,[61]
lalu,2,"[38, 10]"
lama,10,"[59, 66, 38, 80, 66, 25, 59, 59, 55, 55]"
lamper,1,[41]
lampu,1,[50]
langit,4,"[14, 14, 59, 59]"
langsung,4,"[5, 38, 15, 7]"
lanjut,3,"[35, 24, 10]"
lantai,1,[52]
lapangan,9,"[66, 66, 63, 66, 66, 66, 66, 66, 66]"
lapar,1,[13]
lapis,2,"[63, 14]"
latar,1,[45]
lauk,1,[78]
laut,1,[45]
lawang,8,"[62, 62, 62, 81, 57, 62, 62, 52]"
lawe,3,"[19, 19, 19]"
layang,1,[28]
layar,1,[38]
lebat,1,[53]
lebih,12,"[47, 47, 54, 35, 30, 24, 46, 27, 24, 62, 26, 28]"
legit,1,[63]
leisure,1,[34]
lele,3,"[60, 60, 60]"
lembaran,1,[84]
lembut,1,[81]
lempengan,1,[55]
lengkap,3,"[2, 15, 39]"
lennep,1,[55]
lereng,3,"[29, 1, 31]"
lerep,5,"[3, 16, 16, 16, 17]"
letaknya,1,[34]
letjen,1,[59]
lewat,2,"[44, 27]"
lewatkan,1,[59]
lho,2,"[0, 69]"
libur,1,[51]
liburan,2,"[43, 15]"
liburanmu,1,[6]
liburannya,1,[15]
lidah,2,"[35, 23]"
lihat,1,[6]
lilin,3,"[57, 57, 50]"
lima,4,"[57, 13, 66, 63]"
limbah,1,[16]
lingkar,1,[65]
little,1,[34]
live,1,[28]
lodeh,1,[78]
lokal,1,[27]
lokasi,4,"[29, 47, 21, 55]"
lokasinya,3,"[38, 9, 11]"
lomba,2,"[56, 56]"
lombok,1,[39]
longsor,1,[47]
lontong,6,"[83, 78, 78, 78, 78, 78]"
luar,2,"[12, 25]"
luas,6,"[67, 66, 54, 27, 24, 28]"
lukisan,1,[65]
lumer,1,[70]
lumina,2,"[45, 45]"
lumpia,1,[84]
lunak,1,[79]
lupa,2,"[2, 69]"
mabur,1,[37]
macam,2,"[73, 78]"
mada,1,[84]
maerakaca,2,"[45, 45]"
maerokoco,4,"[53, 58, 58, 53]"
magelang,2,"[24, 26]"
magnet,1,[12]
mahsyur,1,[64]
main,2,"[6, 6]"
majapahit,1,[2]
maka,3,"[64, 59, 74]"
makam,1,[41]
makamnya,1,[1]
makan,3,"[42, 72, 68]"
makanan,10,"[86, 68, 70, 16, 82, 73, 54, 37, 37, 32]"
makin,1,[5]
maksimal,1,[14]
malam,3,"[59, 63, 63]"
mampir,2,"[72, 6]"
mampirlah,1,[3]
mana,1,[59]
mancur,1,[38]
mandiri,1,[59]
mangkang,1,[54]
mangreho,1,[64]
mangrove,2,"[53, 53]"
manis,8,"[81, 82, 72, 74, 74, 74, 81, 86]"
mantap,3,"[78, 69, 71]"
marba,1,[59]
mari,2,"[8, 71]"
maria,9,"[22, 12, 12, 8, 22, 8, 12, 22, 22]"
marina,2,"[61, 61]"
marine,1,[34]
marmer,1,[44]
masa,4,"[57, 1, 59, 38]"
masakan,4,"[78, 5, 27, 35]"
maschaappij,1,[62]
masih,6,"[34, 14, 28, 70, 55, 59]"
masing,2,"[58, 58]"
masjid,10,"[49, 48, 49, 1, 48, 49, 49, 64, 48, 48]"
massa,1,[44]
masuk,4,"[28, 38, 36, 17]"
masyarakat,5,"[47, 62, 2, 47, 78]"
mata,3,"[21, 17, 27]"
matahari,3,"[25, 27, 25]"
mataram,1,[84]
mau,3,"[9, 6, 6]"
maulana,1,[48]
maupun,1,[52]
mbak,1,[72]
mbok,1,[73]
meeting,1,[18]
megah,2,"[62, 47]"
meh,4,"[78, 78, 78, 78]"
meja,1,[68]
mejadi,1,[55]
melakukan,2,"[22, 28]"
melalui,1,[27]
melanda,1,[67]
melatih,1,[58]
melawan,1,[41]
meleleh,1,[70]
melepas,1,[28]
melepaskan,1,[27]
melewati,2,"[21, 27]"
melewatkan,1,[71]
melihat,2,"[36, 52]"
meliputi,1,[47]
meliuk,1,[17]
melompat,1,[14]
melukis,1,[42]
memacu,2,"[9, 17]"
memadukan,1,[54]
memahami,1,[26]
memamerkan,2,"[38, 20]"
memancing,1,[61]
memandang,1,[27]
memanfaatkan,2,"[38, 29]"
memanjakan,2,"[23, 35]"
membakar,1,[57]
membangun,1,[64]
membangunnya,1,[47]
membawa,1,[20]
membeli,1,[36]
membelinya,1,[82]
memberi,2,"[42, 8]"
membuat,10,"[42, 3, 38, 43, 66, 34, 74, 66, 25, 3]"
membuka,1,[77]
memilih,1,[75]
memiliki,16,"[16, 29, 50, 49, 21, 74, 24, 39, 17, 28, 46, 24, 62, 80, 67, 18]"
meminta,1,[64]
memperingati,1,[57]
mempertahankan,1,[26]
memudahkan,1,[20]
memutuskan,1,[47]
menaiki,4,"[14, 53, 63, 46]"
menampilkan,2,"[38, 38]"
menanam,2,"[43, 43]"
menantang,2,"[10, 10]"
menantu,1,[41]
menara,6,"[49, 62, 49, 15, 49, 49]"
menarik,9,"[40, 59, 36, 30, 3, 2, 31, 4, 69]"
menawarkan,10,"[42, 34, 20, 45, 23, 25, 33, 66, 13, 35]"
mencapai,1,[66]
mencari,1,[64]
menceritakan,1,[57]
mencicip,1,[72]
mencicipi,4,"[16, 43, 61, 63]"
mencoba,1,[69]
mendapat,1,[41]
mendapatkan,2,"[25, 54]"
menegangkan,3,"[14, 14, 10]"
menenangkan,1,[8]
menetap,1,[47]
mengabadikan,1,[27]
mengadopsi,1,[44]
mengalami,1,[47]
mengantarkan,1,[39]
mengasyikkan,1,[59]
mengatasi,2,"[67, 55]"
mengelilingi,2,"[67, 63]"
mengenai,1,[54]
mengenal,2,"[62, 66]"
mengenang,1,[26]
menggelar,1,[39]
menggunakan,5,"[10, 14, 68, 14, 55]"
menghabiskan,5,"[34, 33, 60, 15, 25]"
menghangatkan,2,"[85, 71]"
menghormati,1,[47]
menghubungi,1,[43]
mengikuti,2,"[18, 59]"
mengubah,1,[20]
mengunjungi,4,"[29, 33, 59, 39]"
menikah,1,[47]
menikmati,8,"[21, 56, 20, 31, 36, 7, 53, 59]"
meninggalkan,1,[47]
menit,3,"[53, 60, 66]"
menjadi,14,"[15, 79, 60, 18, 66, 33, 12, 23, 38, 26, 77, 74, 42, 56]"
menjadikan,1,[34]
menjaga,1,[64]
menjajal,2,"[11, 43]"
menjelajahi,1,[67]
menjelang,1,[30]
menjual,2,"[58, 63]"
menjumpai,2,"[63, 56]"
mentah,1,[83]
menteri,1,[83]
menu,1,[78]
menuju,3,"[27, 21, 61]"
menunjukkan,2,"[46, 44]"
menurun,1,[27]
menurut,2,"[48, 62]"
menyajikan,3,"[36, 27, 35]"
menyaksikan,1,[16]
menyambut,1,[40]
menyebutnya,1,[2]
menyediakan,7,"[30, 60, 26, 27, 79, 32, 32]"
menyenangkan,4,"[42, 28, 23, 27]"
menyerupai,1,[78]
menyewa,1,[61]
menyimpan,4,"[52, 51, 26, 51]"
menyuguhkan,1,[15]
menyukai,1,[59]
menyusuri,3,"[39, 53, 59]"
merah,3,"[7, 56, 47]"
merangkum,1,[58]
merapat,1,[71]
merapi,1,[27]
merasakan,2,"[38, 13]"
merbabu,2,"[27, 24]"
merek,1,[80]
mereka,2,"[47, 25]"
merlion,1,[15]
merubah,1,[44]
merupakan,20,"[52, 22, 60, 59, 63, 62, 17, 34, 64, 78, 20, 76, 29, 26, 66, 54, 49, 32, 29, 59]"
meski,1,[42]
meskipun,1,[82]
meter,11,"[23, 22, 9, 13, 49, 11, 23, 45, 12, 47, 17]"
mexico,1,[45]
mie,4,"[82, 72, 82, 73]"
mijen,1,[77]
milik,1,[51]
milimeter,1,[14]
militer,1,[20]
minggu,3,"[17, 3, 16]"
mini,1,[58]
miniatur,3,"[45, 15, 58]"
minuman,5,"[16, 85, 85, 68, 36]"
misalnya,1,[65]
modern,2,"[76, 52]"
moment,1,[27]
monggo,1,[71]
montor,1,[37]
monumen,3,"[57, 26, 57]"
mpdl,1,[34]
mpu,1,[59]
muda,7,"[61, 62, 52, 56, 57, 52, 57]"
mudah,3,"[9, 82, 61]"
mulai,5,"[77, 23, 36, 51, 68]"
mulut,1,[70]
munadi,1,[1]
muncar,1,[19]
muncul,3,"[30, 30, 30]"
murah,1,[54]
museum,24,"[20, 38, 20, 51, 51, 49, 51, 20, 26, 38, 54, 26, 38, 26, 51, 38, 46, 51, 20, 20, 52, 46, 46, 46]"
music,1,[28]
musik,1,[65]
musim,1,[69]
muslim,1,[47]
mystica,2,"[8, 8]"
naga,3,"[50, 50, 50]"
naik,2,"[67, 6]"
nama,4,"[75, 46, 29, 70]"
namanya,1,[78]
namun,3,"[21, 29, 81]"
nangka,1,[80]
nanti,1,[13]
nasi,4,"[43, 73, 63, 63]"
nasional,1,[51]
natha,1,[40]
ndeso,2,"[43, 16]"
nederlandsch,1,[62]
negara,2,"[26, 45]"
negeri,2,"[50, 12]"
ngampin,3,"[74, 74, 74]"
ngecamp,1,[0]
nggak,1,[0]
ngipik,1,[16]
ngisor,1,[10]
night,1,[59]
nih,1,[0]
nikmat,1,[81]
nikmatnya,1,[71]
nilai,1,[46]
nis,1,[62]
nism,1,[55]
no,7,"[32, 38, 75, 66, 77, 46, 80]"
nongkrongnya,1,[65]
nuansa,4,"[33, 40, 66, 27]"
nya,2,"[69, 33]"
nyaman,2,"[33, 59]"
nyata,1,[5]
nyatnyono,1,[1]
obat,1,[32]
objek,2,"[30, 26]"
obyek,1,[58]
official,1,[54]
oh,3,"[11, 68, 6]"
olah,2,"[31, 38]"
olahan,3,"[79, 79, 36]"
olahraga,2,"[40, 66]"
oleh,28,"[43, 79, 44, 47, 59, 47, 80, 80, 47, 63, 51, 84, 24, 67, 29, 84, 58, 55, 48, 9, 55, 63, 24, 47, 9, 77, 77, 79]"
on,3,"[36, 36, 7]"
ondo,1,[14]
one,1,[18]
onionsand,1,[82]
onthel,1,[43]
oom,1,[69]
opor,2,"[78, 78]"
orang,12,"[63, 65, 17, 25, 36, 54, 14, 7, 82, 13, 23, 51]"
organik,2,"[32, 32]"
otak,2,"[79, 79]"
oudetrap,1,[59]
out,1,[28]
outbond,1,[18]
outbound,3,"[23, 24, 27]"
outdoor,3,"[28, 34, 18]"
outlet,4,"[77, 77, 77, 77]"
package,1,[18]
pada,30,"[67, 57, 44, 21, 1, 22, 44, 44, 48, 65, 59, 29, 48, 55, 78, 50, 81, 55, 59, 2, 55, 51, 2, 33, 47, 63, 48, 62, 20, 41]"
padat,1,[76]
padi,1,[43]
padusan,2,"[30, 30]"
pagi,3,"[16, 25, 82]"
pagoda,2,"[50, 47]"
pahlawan,1,[26]
paintball,2,"[24, 27]"
pak,3,"[82, 75, 75]"
pakaian,2,"[26, 42]"
paket,3,"[43, 20, 34]"
pala,1,[31]
palagan,1,[26]
paling,1,[46]
pameran,3,"[65, 65, 62]"
pamularsih,1,[77]
panas,1,[70]
pancasila,1,[63]
pandan,2,"[48, 80]"
pandanaran,4,"[80, 79, 57, 84]"
panen,1,[42]
panggang,1,[79]
panggung,2,"[44, 21]"
pangus,1,[16]
panjang,1,[22]
panorama,5,"[67, 25, 6, 30, 7]"
pantai,4,"[61, 61, 61, 53]"
para,7,"[66, 26, 27, 65, 41, 30, 23]"
paralayang,1,[34]
park,1,[6]
paru,1,[75]
pas,1,[33]
pasar,4,"[16, 24, 3, 48]"
pasir,2,"[54, 70]"
pasti,2,"[66, 10]"
pati,1,[68]
patimura,1,[35]
patung,6,"[12, 22, 50, 15, 50, 22]"
patut,1,[34]
paviliun,2,"[58, 58]"
pecel,6,"[63, 73, 72, 43, 73, 72]"
pecinan,1,[39]
pecinta,3,"[25, 71, 71]"
pedas,1,[72]
pedesaan,1,[35]
pedestrian,1,[59]
pegunungan,4,"[27, 20, 27, 25]"
pejuang,1,[41]
pekan,5,"[9, 33, 59, 34, 60]"
pelangi,1,[9]
pelat,1,[55]
peletakan,1,[55]
pemadatan,1,[55]
pemancingan,2,"[30, 28]"
pemandangan,10,"[23, 21, 0, 31, 33, 31, 25, 35, 34, 66]"
pemandian,4,"[30, 30, 30, 30]"
pemanfaatan,1,[16]
pembacaan,1,[65]
pembangunan,2,"[55, 67]"
pembeli,1,[75]
pembersihan,1,[17]
pembibitan,1,[30]
pembuatan,1,[43]
pembusukan,1,[47]
pementasan,1,[65]
pemerintahan,1,[59]
pemimpin,1,[48]
pemuda,1,[84]
penanaman,1,[18]
penasaran,2,"[72, 14]"
penat,1,[28]
pendeta,1,[44]
pendiri,1,[51]
penduduk,1,[47]
pengadilan,1,[52]
pengaman,1,[14]
penganan,1,[84]
pengelola,1,[43]
pengemasan,1,[18]
pengetahuan,1,[54]
penggemar,2,"[27, 36]"
penginapan,4,"[34, 33, 60, 4]"
pengolahan,3,"[18, 16, 36]"
pengunjung,22,"[43, 31, 22, 14, 14, 40, 20, 58, 67, 34, 15, 36, 36, 54, 36, 43, 38, 35, 35, 18, 28, 23]"
penikmat,1,[66]
pening,4,"[25, 20, 25, 27]"
peninggalan,5,"[1, 59, 62, 29, 52]"
penjaga,1,[64]
penjagaan,1,[27]
penjajah,1,[41]
penjelajah,1,[47]
penjualan,2,"[79, 80]"
penopang,1,[22]
penuh,2,"[16, 45]"
penyiar,1,[1]
peot,1,[46]
pepes,1,[79]
pepohonan,1,[56]
per,2,"[13, 36]"
perahu,4,"[61, 67, 53, 58]"
perairan,1,[67]
peranakan,1,[78]
perayaan,1,[78]
perbukitan,3,"[40, 67, 66]"
perdagangan,2,"[55, 63]"
perjalanan,2,"[31, 53]"
perjuangan,1,[52]
perkebunan,5,"[31, 27, 36, 32, 0]"
perkembangan,1,[49]
perlu,1,[15]
permainan,7,"[10, 23, 23, 17, 58, 28, 24]"
permen,2,"[3, 36]"
pernah,4,"[51, 48, 2, 72]"
perosotan,3,"[9, 17, 23]"
perpaduan,3,"[74, 72, 72]"
persawahan,1,[21]
persegi,1,[47]
persimpangan,1,[57]
pertama,3,"[55, 47, 70]"
pertamakali,1,[20]
pertamanya,1,[44]
pertempuran,4,"[57, 57, 26, 57]"
pertemuan,2,"[40, 24]"
pertolongan,2,"[57, 57]"
pertunjukan,1,[65]
perusahaan,1,[51]
pesan,1,[5]
pesawat,1,[54]
pesona,2,"[12, 12]"
peta,1,[44]
peternakan,1,[36]
petik,3,"[7, 0, 7]"
petir,1,[48]
petis,4,"[83, 63, 86, 86]"
petualangan,1,[59]
pewayangan,1,[37]
peziarah,3,"[1, 41, 22]"
phoenix,1,[50]
pikiran,1,[3]
pilihan,4,"[15, 13, 77, 56]"
pindang,1,[78]
pinggir,1,[26]
pintu,3,"[62, 62, 59]"
piramida,1,[49]
piring,1,[78]
pjka,1,[28]
playground,1,[28]
plein,1,[57]
pln,1,[82]
pokdarwis,1,[16]
pon,1,[3]
poncol,1,[80]
pondasi,1,[47]
pong,1,[86]
poo,1,[47]
populer,1,[25]
porsi,2,"[75, 78]"
pos,1,[27]
potongan,1,[83]
prabu,1,[2]
praktis,1,[69]
prestasi,1,[51]
presto,3,"[79, 79, 79]"
pribadi,1,[58]
produk,2,"[36, 58]"
produksi,1,[76]
prof,1,[62]
proses,1,[36]
provinsi,2,"[47, 46]"
prpp,2,"[53, 58]"
pseudo,1,[44]
pt,1,[51]
puasa,1,[30]
pudji,2,"[77, 77]"
puisi,1,[65]
pukul,5,"[17, 51, 51, 36, 68]"
pula,6,"[50, 2, 23, 62, 35, 63]"
pun,2,"[64, 35]"
puncak,1,[16]
punya,3,"[78, 12, 11]"
pupuk,1,[32]
pura,2,"[40, 40]"
puri,2,"[0, 53]"
purwodinatan,1,[38]
purworejo,3,"[13, 13, 13]"
pusat,16,"[80, 25, 62, 24, 60, 59, 65, 55, 47, 20, 53, 36, 58, 9, 80, 79]"
putih,6,"[54, 19, 19, 69, 76, 82]"
putranya,1,[1]
putri,1,[55]
queendag,1,[62]
raad,1,[52]
rabu,1,[17]
racikan,1,[83]
raden,2,"[48, 65]"
raffles,1,[29]
raga,1,[31]
ragam,1,[61]
rahman,1,[46]
raja,2,"[2, 20]"
rajangan,1,[83]
raksasa,3,"[6, 6, 67]"
ramai,3,"[1, 59, 41]"
rame,2,"[5, 5]"
ranch,1,[34]
ranggawarsita,3,"[46, 46, 46]"
rangka,1,[57]
rapat,1,[35]
rapi,1,[59]
rasa,9,"[74, 77, 80, 74, 74, 76, 74, 72, 78]"
rasanya,1,[10]
ratus,1,[9]
ratusan,1,[59]
rawa,5,"[27, 25, 25, 20, 55]"
rawit,1,[69]
raya,5,"[77, 26, 10, 18, 49]"
real,1,[34]
rebana,1,[16]
rebung,2,"[84, 84]"
reco,2,"[14, 14]"
recreation,1,[34]
referensi,1,[4]
reguler,2,"[28, 59]"
rekor,2,"[51, 51]"
rekreasi,5,"[20, 36, 60, 61, 54]"
rel,2,"[81, 81]"
relaksasi,1,[3]
religi,2,"[1, 40]"
remah,1,[82]
remaja,1,[17]
rempah,2,"[81, 81]"
renang,8,"[5, 17, 17, 17, 34, 18, 28, 27]"
renovasi,3,"[44, 44, 44]"
renyah,1,[86]
reog,1,[16]
representasi,1,[57]
reservasi,3,"[35, 43, 16]"
residen,1,[48]
resmi,4,"[27, 47, 54, 49]"
resor,2,"[35, 33]"
resort,5,"[27, 18, 27, 24, 28]"
restaurant,1,[18]
resto,4,"[27, 4, 10, 23]"
restoran,5,"[33, 32, 27, 24, 35]"
ribu,1,[13]
ribuan,1,[15]
rica,1,[72]
rindang,1,[56]
ritual,2,"[30, 30]"
ritus,2,"[40, 40]"
robusta,1,[71]
roda,1,[13]
rombongan,1,[9]
rong,1,[27]
rosa,2,"[8, 8]"
roti,2,"[85, 81]"
rowoboni,2,"[2, 30]"
rp,7,"[28, 36, 28, 28, 17, 68, 28]"
rt,2,"[16, 17]"
ruang,2,"[35, 62]"
rukun,1,[16]
rumah,9,"[11, 44, 45, 58, 58, 45, 45, 45, 59]"
runtuh,1,[47]
rupiah,1,[13]
rusa,1,[54]
rustam,1,[20]
rutin,1,[30]
rw,1,[17]
saat,8,"[2, 70, 13, 77, 25, 55, 8, 44]"
sabtu,1,[17]
sadranan,1,[16]
saja,4,"[9, 17, 3, 15]"
saking,1,[6]
salah,8,"[82, 73, 60, 82, 66, 64, 46, 77]"
salatiga,2,"[30, 24]"
saleh,2,"[46, 65]"
salib,2,"[22, 22]"
salim,1,[48]
saling,1,[37]
salju,1,[11]
sam,1,[47]
sama,1,[44]
sambal,2,"[69, 78]"
sambaran,1,[48]
sambil,4,"[7, 26, 20, 14]"
sambirejo,1,[49]
sampai,7,"[64, 9, 71, 30, 51, 50, 47]"
samping,2,"[59, 58]"
sana,2,"[61, 0]"
sanctuary,1,[28]
sang,1,[2]
sangat,12,"[61, 70, 24, 48, 59, 76, 54, 30, 33, 71, 21, 27]"
sanjaya,1,[29]
santan,1,[74]
santorini,1,[45]
santoso,1,[16]
saos,1,[84]
sapi,3,"[16, 42, 75]"
sapu,1,[43]
sari,1,[85]
sate,3,"[75, 75, 75]"
satu,13,"[73, 77, 66, 60, 76, 64, 75, 20, 46, 82, 78, 82, 30]"
satunya,1,[20]
satwa,3,"[54, 54, 54]"
saus,3,"[83, 73, 82]"
sawah,3,"[16, 33, 30]"
sayur,2,"[78, 32]"
sayuran,5,"[24, 32, 32, 72, 73]"
sebagai,21,"[30, 46, 62, 47, 57, 66, 56, 61, 20, 40, 65, 28, 43, 52, 1, 48, 47, 24, 76, 62, 62]"
sebelah,4,"[55, 27, 45, 54]"
sebelum,2,"[55, 76]"
sebelumnya,1,[55]
seberang,1,[57]
sebligo,1,[3]
sebuah,6,"[26, 59, 52, 64, 27, 35]"
sebutan,1,[62]
secangkir,1,[18]
secara,2,"[30, 46]"
sedap,1,[78]
sedikit,1,[74]
segar,9,"[13, 72, 7, 7, 21, 24, 32, 32, 5]"
segarnya,2,"[5, 13]"
segi,1,[44]
sehabis,1,[13]
sehari,1,[27]
sehat,2,"[54, 32]"
sehingga,9,"[37, 81, 37, 86, 79, 17, 29, 27, 17]"
sejak,4,"[22, 51, 75, 53]"
sejarah,10,"[62, 46, 38, 48, 49, 38, 38, 26, 26, 62]"
sejauh,1,[27]
sejenis,1,[85]
sejuk,3,"[12, 32, 33]"
sejuknya,1,[27]
sejumlah,1,[15]
sekali,4,"[43, 44, 30, 70]"
sekaligus,3,"[63, 40, 7]"
sekarang,4,"[62, 47, 44, 14]"
sekilas,1,[78]
sekitar,21,"[31, 13, 6, 64, 53, 58, 31, 66, 33, 20, 2, 34, 60, 20, 61, 37, 52, 85, 52, 21, 52]"
sekitarnya,4,"[77, 6, 76, 65]"
selain,7,"[84, 34, 32, 51, 35, 15, 53]"
selalu,3,"[41, 1, 17]"
selama,2,"[55, 31]"
selasa,1,[17]
selatan,1,[5]
seledri,1,[82]
selengkapnya,4,"[43, 0, 33, 34]"
selesai,2,"[5, 48]"
selfie,1,[4]
selo,1,[10]
seluas,3,"[47, 67, 14]"
seluncuran,1,[10]
semangat,1,[57]
semarang,83,"[64, 55, 38, 38, 55, 77, 55, 11, 6, 38, 77, 10, 18, 80, 38, 36, 79, 6, 54, 54, 54, 54, 8, 39, 38, 67, 5, 34, 67, 18, 54, 65, 34, 65, 82, 78, 40, 67, 38, 2, 43, 66, 16, 20, 72, 86, 30, 44, 46, 85, 63, 15, 1, 60, 47, 59, 63, 59, 2, 60, 14, 77, 59, 56, 48, 12, 62, 25, 76, 70, 3, 3, 66, 67, 46, 42, 17, 3, 26, 0, 59, 57, 41]"
semarangzoo,1,[54]
semasa,1,[41]
semawis,1,[85]
sembari,2,"[8, 53]"
sembilan,2,"[29, 29]"
semilir,3,"[9, 9, 53]"
semirang,1,[31]
semua,2,"[29, 58]"
semuanya,1,[4]
sendiri,2,"[32, 27]"
seni,2,"[65, 33]"
seniman,1,[65]
senin,2,"[17, 51]"
senjata,2,"[52, 26]"
sensasi,2,"[72, 14]"
sentra,2,"[63, 76]"
seolah,1,[38]
seorang,3,"[47, 41, 48]"
sepakung,4,"[71, 71, 14, 14]"
sepanjang,3,"[45, 79, 59]"
sepeda,6,"[43, 58, 27, 31, 63, 28]"
sepert,1,[80]
seperti,23,"[40, 5, 65, 43, 56, 81, 16, 27, 28, 28, 63, 58, 75, 57, 63, 50, 23, 10, 34, 78, 24, 36, 79]"
serabi,5,"[74, 74, 74, 74, 74]"
serangan,1,[57]
serasi,6,"[76, 76, 76, 76, 76, 69]"
seratnya,1,[19]
serbai,1,[74]
seribu,1,[62]
sering,3,"[62, 56, 56]"
serta,6,"[66, 72, 16, 15, 80, 14]"
seru,8,"[34, 10, 5, 28, 10, 60, 10, 9]"
seruan,1,[10]
serundeng,1,[43]
serunya,1,[3]
serupa,1,[2]
service,1,[18]
sesuai,2,"[26, 44]"
setebal,1,[14]
setelah,3,"[47, 78, 10]"
setempat,2,"[47, 47]"
setiabudi,1,[85]
setiap,10,"[51, 16, 17, 50, 68, 36, 17, 49, 3, 44]"
setinggi,1,[12]
sewu,7,"[62, 62, 62, 62, 57, 52, 62]"
shin,1,[69]
si,1,[46]
siang,1,[39]
siapa,2,"[42, 70]"
sidomukti,5,"[34, 34, 34, 34, 34]"
sie,2,"[39, 39]"
silahkan,5,"[24, 49, 47, 35, 34]"
silakan,6,"[16, 43, 54, 40, 42, 46]"
simongan,1,[47]
simpang,2,"[66, 63]"
simpanglima,1,[83]
sin,1,[39]
sindoro,1,[27]
singa,1,[15]
singkong,4,"[42, 37, 42, 70]"
singo,1,[41]
sini,15,"[56, 56, 68, 11, 3, 13, 71, 63, 11, 6, 1, 54, 46, 53, 27]"
sisemut,1,[35]
sistem,1,[20]
siwarak,4,"[17, 17, 17, 17]"
skiban,2,"[10, 10]"
sky,1,[10]
sloth,1,[55]
sobat,5,"[11, 13, 72, 10, 39]"
soegiyopranoto,1,[57]
songo,4,"[29, 2, 15, 4]"
sopeardjo,1,[20]
sore,2,"[68, 25]"
sosial,1,[40]
souvenir,1,[24]
soyong,1,[16]
spa,2,"[18, 35]"
space,1,[18]
special,1,[86]
spesial,2,"[74, 3]"
spiegel,1,[59]
spikoe,1,[63]
spiritual,1,[40]
spoorweg,1,[62]
spot,8,"[59, 45, 11, 56, 7, 9, 4, 11]"
srigunting,1,[59]
sriwijaya,1,[65]
stamina,1,[29]
stasiun,5,"[80, 20, 55, 80, 55]"
stop,1,[18]
strategis,3,"[9, 55, 55]"
stroberi,4,"[7, 7, 0, 7]"
suasana,5,"[59, 35, 31, 56, 71]"
suasanya,1,[12]
subroto,1,[32]
subulussalam,1,[1]
suci,1,[47]
sudah,1,[66]
sudarso,1,[61]
sudut,4,"[50, 49, 59, 59]"
suir,1,[78]
suka,5,"[11, 82, 31, 6, 6]"
sukorejo,1,[68]
sultan,1,[41]
sumatra,1,[54]
sumber,8,"[55, 76, 44, 30, 67, 73, 21, 32]"
sumbing,1,[27]
sumowono,1,[21]
sumur,1,[21]
sunan,3,"[64, 64, 64]"
sungai,2,"[30, 16]"
sunrise,3,"[11, 11, 16]"
supeno,1,[83]
supermarket,1,[76]
suprana,2,"[51, 51]"
suprapto,1,[59]
susu,3,"[3, 36, 16]"
sutomo,1,[57]
swafoto,1,[11]
swemmelaar,1,[44]
swiss,1,[85]
syekh,2,"[1, 1]"
tadinya,1,[38]
tahu,26,"[77, 69, 83, 63, 83, 83, 76, 76, 85, 77, 85, 69, 76, 63, 76, 86, 69, 76, 76, 69, 77, 69, 76, 63, 86, 77]"
tahun,21,"[47, 48, 44, 41, 55, 30, 67, 62, 75, 50, 52, 52, 20, 53, 39, 22, 39, 77, 59, 44, 44]"
tajam,1,[27]
tak,5,"[48, 17, 56, 14, 15]"
tali,1,[19]
taman,16,"[60, 15, 13, 59, 15, 18, 60, 15, 58, 54, 15, 83, 65, 57, 6, 60]"
tampak,1,[27]
tanah,6,"[55, 55, 49, 15, 47, 62]"
tanam,1,[16]
tanaman,1,[32]
tandem,1,[63]
tangan,1,[42]
tangga,1,[50]
tanggal,2,"[55, 62]"
tanjung,1,[82]
tanpa,1,[84]
tantangan,1,[66]
tantular,1,[59]
tapi,1,[51]
tari,4,"[16, 16, 16, 16]"
tarik,3,"[64, 62, 5]"
tau,1,[6]
tauge,2,"[82, 83]"
tawang,3,"[55, 80, 55]"
tay,2,"[39, 39]"
tbrs,3,"[65, 65, 65]"
teater,2,"[65, 65]"
tebing,1,[19]
teknisi,1,[55]
teknologi,2,"[38, 20]"
teksturnya,1,[81]
telah,6,"[86, 59, 15, 26, 77, 75]"
telomoyo,1,[27]
telp,4,"[77, 77, 77, 16]"
telur,3,"[84, 83, 78]"
teman,1,[13]
tempat,22,"[65, 47, 33, 47, 22, 68, 79, 54, 28, 2, 56, 30, 62, 36, 40, 22, 66, 4, 27, 34, 33, 4]"
tempo,2,"[3, 16]"
tempur,1,[26]
tenang,1,[12]
tengah,18,"[40, 49, 49, 49, 58, 10, 46, 57, 57, 47, 38, 66, 66, 26, 66, 26, 66, 20]"
tenggelam,1,[27]
tennis,1,[18]
tentang,1,[57]
tepat,1,[73]
tepatnya,5,"[57, 54, 26, 66, 15]"
tepung,1,[84]
terapi,1,[54]
terasa,1,[59]
terbaik,1,[82]
terbakar,1,[48]
terbalik,1,[11]
terbang,1,[54]
terbaru,2,"[6, 1]"
terbenam,1,[25]
terbesar,1,[49]
terbit,2,"[27, 25]"
terbuat,6,"[80, 86, 37, 74, 84, 70]"
tercinta,2,"[10, 26]"
terdapat,13,"[1, 32, 23, 78, 21, 32, 36, 22, 59, 52, 49, 21, 16]"
terdiri,4,"[82, 73, 50, 83]"
terdpata,1,[49]
terjaga,1,[17]
terjangkau,5,"[17, 60, 76, 13, 28]"
terjun,9,"[13, 37, 31, 3, 16, 21, 19, 50, 13]"
terkenal,3,"[46, 73, 82]"
terlebih,2,"[76, 84]"
terlepas,1,[12]
terletak,30,"[30, 22, 58, 20, 82, 27, 34, 67, 48, 35, 55, 54, 31, 24, 26, 36, 62, 32, 66, 57, 33, 75, 2, 34, 46, 49, 45, 29, 66, 73]"
terluas,1,[66]
terminal,2,"[73, 54]"
ternak,1,[42]
terpasang,1,[44]
tersayang,1,[7]
tersebut,7,"[2, 44, 55, 30, 64, 30, 51]"
tersedia,6,"[54, 80, 13, 27, 56, 53]"
tersendiri,2,"[66, 8]"
tersisa,1,[2]
tertarik,1,[69]
tertata,1,[59]
tertentu,3,"[29, 62, 65]"
tertua,1,[47]
terutama,2,"[48, 61]"
tetap,2,"[47, 81]"
tetapi,3,"[17, 47, 48]"
th,1,[82]
the,5,"[23, 23, 36, 36, 7]"
thoha,1,[41]
tiap,1,[39]
tidak,8,"[15, 17, 2, 17, 81, 43, 14, 44]"
tiga,3,"[47, 14, 48]"
tiket,5,"[28, 28, 17, 28, 28]"
tiketnya,1,[36]
timur,3,"[77, 54, 47]"
tinggal,3,"[64, 69, 47]"
tinggi,6,"[22, 59, 56, 52, 22, 34]"
tingkat,2,"[50, 50]"
tingkatan,1,[21]
tinjomoyo,2,"[56, 56]"
tionghoa,2,"[78, 78]"
tiongkok,2,"[50, 50]"
tirto,4,"[17, 17, 17, 17]"
tlogo,2,"[27, 27]"
tni,1,[52]
toen,1,[72]
toko,4,"[33, 33, 85, 63]"
tokoh,2,"[37, 1]"
tol,1,[9]
top,2,"[10, 10]"
topografi,1,[31]
total,1,[14]
tour,2,"[3, 59]"
touring,1,[13]
tourism,2,"[18, 18]"
tracking,2,"[31, 31]"
tradisi,2,"[16, 39]"
tradisional,8,"[73, 43, 27, 63, 52, 16, 68, 37]"
training,1,[27]
transaksinya,1,[68]
transportasi,1,[20]
tree,2,"[10, 10]"
trekking,1,[53]
trem,1,[62]
tropis,1,[27]
tua,2,"[39, 59]"
tubuh,2,"[85, 2]"
tugu,6,"[57, 62, 52, 61, 57, 52]"
tujuan,2,"[61, 60]"
tujuh,1,[50]
tulisan,1,[44]
tumbuh,1,[53]
tumenggung,1,[48]
tumpah,1,[23]
tuntang,2,"[27, 8]"
tur,1,[59]
turki,1,[45]
tusuk,1,[75]
tutup,1,[51]
udah,1,[4]
udang,4,"[83, 83, 86, 84]"
udara,3,"[7, 34, 32]"
udaranya,1,[33]
ujung,1,[5]
ulama,1,[41]
ulang,1,[38]
umat,2,"[12, 22]"
umbul,4,"[34, 34, 34, 34]"
umum,1,[58]
umumnya,2,"[74, 81]"
ungaran,18,"[66, 20, 75, 31, 31, 27, 29, 35, 35, 3, 1, 23, 17, 33, 17, 77, 77, 21]"
unik,3,"[27, 48, 45]"
unremiting,1,[57]
unsur,2,"[47, 47]"
untuk,49,"[21, 35, 35, 39, 6, 34, 17, 36, 4, 64, 64, 23, 3, 34, 38, 65, 15, 54, 17, 21, 55, 25, 16, 2, 56, 43, 67, 61, 43, 47, 31, 13, 1, 27, 60, 58, 29, 59, 14, 20, 59, 27, 13, 33, 47, 39, 33, 24, 54]"
upacara,1,[39]
urab,1,[43]
utama,6,"[20, 17, 27, 49, 59, 27]"
utan,1,[54]
utara,4,"[27, 45, 55, 55]"
valley,2,"[36, 36]"
van,2,"[55, 52]"
varian,3,"[80, 71, 69]"
vendor,1,[82]
view,1,[27]
vila,2,"[33, 33]"
villa,1,[9]
virtual,1,[38]
waduk,4,"[67, 67, 67, 67]"
wafat,3,"[22, 1, 41]"
wah,1,[78]
wahana,11,"[28, 23, 23, 10, 14, 17, 24, 34, 5, 9, 9]"
waktu,2,"[25, 47]"
walking,1,[59]
warisan,1,[20]
warna,2,"[47, 45]"
warnai,1,[6]
waroeng,1,[85]
warung,2,"[72, 82]"
water,1,[54]
waterpark,6,"[28, 24, 24, 28, 28, 24]"
watu,2,"[6, 3]"
wayang,2,"[65, 65]"
website,6,"[33, 16, 49, 18, 27, 47]"
websitenya,1,[24]
wedang,1,[85]
westmaas,1,[44]
wib,3,"[51, 17, 51]"
wijen,1,[81]
wilayah,1,[55]
wilde,1,[44]
wilhelmina,2,"[55, 57]"
wilhelmus,1,[44]
willem,1,[20]
wingko,3,"[80, 80, 80]"
wisata,49,"[1, 4, 16, 42, 6, 5, 15, 46, 16, 40, 60, 29, 16, 18, 30, 32, 13, 58, 24, 43, 26, 43, 36, 76, 34, 9, 56, 18, 42, 3, 62, 69, 3, 2, 13, 26, 54, 64, 34, 21, 16, 7, 54, 13, 30, 17, 1, 31, 31]"
wisatawan,5,"[53, 26, 53, 77, 30]"
wonolopo,1,[43]
woro,2,"[5, 5]"
wuih,1,[6]
ya,9,"[40, 11, 68, 69, 13, 68, 10, 7, 71]"
yaaa,1,[2]
yag,1,[86]
yaitu,8,"[46, 62, 37, 14, 77, 17, 16, 28]"
yakni,1,[29]
yang,190,"[18, 71, 16, 57, 31, 30, 57, 71, 44, 30, 58, 30, 58, 16, 44, 85, 14, 47, 72, 27, 61, 76, 44, 32, 26, 62, 12, 20, 32, 77, 26, 47, 19, 62, 43, 19, 66, 84, 47, 12, 56, 32, 13, 16, 31, 26, 31, 66, 1, 27, 74, 59, 16, 59, 86, 27, 28, 27, 60, 27, 15, 86, 73, 27, 45, 59, 66, 72, 73, 59, 59, 45, 30, 28, 28, 56, 85, 44, 14, 29, 27, 29, 44, 29, 29, 74, 74, 66, 29, 14, 59, 27, 74, 44, 44, 28, 20, 5, 2, 16, 23, 48, 63, 36, 52, 36, 67, 52, 82, 51, 36, 53, 48, 35, 53, 35, 35, 35, 26, 17, 9, 65, 37, 65, 49, 39, 82, 39, 81, 22, 40, 40, 81, 51, 38, 49, 64, 23, 64, 38, 67, 23, 81, 22, 6, 21, 9, 79, 21, 18, 33, 3, 25, 70, 19, 62, 33, 55, 25, 11, 33, 62, 62, 55, 25, 26, 43, 47, 56, 77, 84, 21, 67, 17, 54, 35, 54, 34, 54, 63, 34, 54, 42, 42, 54, 35, 21, 34, 24, 67]"
yesus,1,[22]
yos,1,[61]
youghurt,1,[36]
yuk,5,"[0, 6, 69, 3, 46]"
yunani,2,"[49, 45]"
ziarah,1,[22]
zipcoaster,1,[10]
zona,1,[17]
zoo,3,"[54, 54, 54]"
